회사명,채용 제목,급여,경력,학력,근무형태,근무지역,마감일,등록일,D-day,회사로고,직무
유니닥스㈜,유니닥스㈜ AI개발자 장애인채용 전형,회사내규에 따름,경력무관,대졸(2~3년),주5일,서울 구로구,2025-04-25,2025-04-11,D-14,https://www.work24.go.kr/wk/static/images/logo/jobkorea.png,AI개발자
㈜차카다,"네이버,구글 SEO 연구원 채용 (RPA 개발)",월급 400 만원 ~ 500 만원,경력3년,대졸(2~3년),주5일,서울 송파구  등,2025-04-30,2025-04-11,D-19,https://www.work24.go.kr/wk/static/images/logo/jobkorea.png,RPA 개발
㈜차카다,"네이버, RPA 개발 신입/경력자 채용",월급 300 만원 ~ 500 만원,신입/경력,대졸(2~3년),주5일,서울 송파구  등,2025-04-30,2025-04-11,D-19,https://www.work24.go.kr/wk/static/images/logo/jobkorea.png,RPA 개발
주식회사 모빌리티랩 (MOBILITY LAB Inc.),C++개발자 모집,"연봉 5,000 만원 ~ 12,000 만원",경력3년,,주5일,경기도 안산시 상록구,2025-06-10,2025-04-11,채용시까지,https://www.work24.go.kr/wk/static/images/logo/work24.png,C++개발자
주식회사 알엑스오,[RXO주식회사] 프로젝트 개발자 모집,월급 210 만원 ~ 245 만원,경력무관,학력무관,주5일,광주광역시 남구 도시첨단산업6로,2025-06-10,2025-04-11,채용시까지,https://www.work24.go.kr/wk/static/images/logo/work24.png,개발자
㈜신지모루,[경력] 전산개발 담당자 채용,"연봉 3,600 만원 ~ 3,600 만원",경력3년,대졸(2~3년),주5일,서울 마포구,2025-05-11,2025-04-11,D-30,https://www.work24.go.kr/wk/static/images/logo/jobkorea.png,시스템 운영
"주식회사 지에이티엘 (GATL Co.,ltd.)",PLC 능력자 및 배우실분 모집합니다,"연봉 4,000 만원 ~ 6,000 만원",경력10년,학력무관,주6일,경기도 김포시 황금로89번길,2025-06-10,2025-04-11,채용시까지,https://www.work24.go.kr/wk/static/images/logo/work24.png,HW/제어개발자
㈜신안정보통신,"응용프로그래머(C, C++,C#) 경력 모집",회사내규에 따름,경력3년,대졸(2~3년),주5일,서울 서초구,2025-04-27,2025-04-11,D-16,https://www.work24.go.kr/wk/static/images/logo/jobkorea.png,소프트웨어 개발
인에이블다온소프트,[인에이블다온소프트] 백엔드 개발자 모집(경력),회사내규에 따름,경력5년,학력무관,주5일,서울 용산구,2025-06-10,2025-04-11,D-60,https://www.work24.go.kr/wk/static/images/logo/jobkorea.png,웹/앱 개발자
엔아이티서비스㈜,[NAVER Cloud 자회사] NIT Service 2025 상반...,회사내규에 따름,신입/경력,학력무관,,경기 성남시 분당구 등,2025-04-25,2025-04-11,D-14,https://www.work24.go.kr/wk/static/images/logo/jobkorea.png,기타
유비벨록스㈜,유비벨록스 2025년도 분야별 인원모집,회사내규에 따름,신입/경력,대졸(2~3년),주5일,서울 구로구,2025-04-30,2025-04-11,D-19,https://www.work24.go.kr/wk/static/images/logo/jobkorea.png,기타
(주)발해에프유테크,AI 기반 시스템 개발 백엔드 경력 채용,"연봉 5,000 만원 이상",경력5년,학력무관,주5일,서울특별시 강남구 언주로87길,2025-06-10,2025-04-11,채용시까지,https://www.work24.go.kr/wk/static/images/logo/work24.png,웹/앱 개발자
주식회사 이노테크솔루션,소프트웨어 개발자 모집합니다,월급 400 만원 이상,경력3년,학력무관,주5일,경상남도 창원시 의창구,2025-06-10,2025-04-11,채용시까지,https://www.work24.go.kr/wk/static/images/logo/work24.png,개발자
㈜다우기술,㈜다우기술 경력ㆍ신입 대규모 인재 영입,회사내규에 따름,신입/경력,대졸(2~3년),,경기 성남시 수정구 등,2025-04-21,2025-04-11,D-10,https://www.work24.go.kr/wk/static/images/logo/jobkorea.png,기타
주식회사 잇뉴,[제주]플랫폼운영팀 개발자 채용 공고,"연봉 3,400 만원 이상",경력4년,학력무관,주5일,제주특별자치도 제주시 첨단로,2025-06-09,2025-04-10,채용시까지,https://www.work24.go.kr/wk/static/images/logo/work24.png,개발자
다이나로직,펌웨어 소프트웨어 / 하드웨어 카메라 개발자,"연봉 2,900 만원 ~ 3,500 만원",경력1년,학력무관,주5일,경기도 부천시 오정구,2025-06-09,2025-04-10,채용시까지,https://www.work24.go.kr/wk/static/images/logo/work24.png,개발자
주식회사포밸류소프트,프로그램개발자 경력사원모집(정규직),"연봉 5,000 만원 이상",경력6년,"대졸(2~3년)
														 ~ 석사",주5일,서울특별시 강남구 논현로,2025-06-09,2025-04-10,채용시까지,https://www.work24.go.kr/wk/static/images/logo/work24.png,개발자
주식회사 테크밸리시스템,자바 개발자 채용 - 도약장려금,"연봉 3,000 만원 이상",신입,"대졸(4년)
														 ~ 석사",주5일,서울특별시 금천구 가산디지털1로,2025-06-08,2025-04-10,채용시까지,https://www.work24.go.kr/wk/static/images/logo/work24.png,개발자
에이치엠케이홀딩스㈜,HMK홀딩스㈜ 부문별 대규모 인재 채용,회사내규에 따름,경력,학력무관,,서울 강남구,등록일 : 2025-04-10,,채용시까지,https://www.work24.go.kr/wk/static/images/logo/jobkorea.png,기타
주식회사 알음에이이 (AR ・ EUM-ae),(주)알음에이이_AI 헬스케어 앱 개발_ 프론트엔드 & 백엔...,월급 240 만원 ~ 360 만원,경력무관,"대졸(2~3년)
														 ~ 대졸(4년)",주5일,경기도 성남시 분당구,2025-04-30,2025-04-10,D-19,https://www.work24.go.kr/wk/static/images/logo/work24.png,웹/앱 개발자
㈜에스테이트,[미래내일일경험] 영상편집/AI데이터 서비스 지원부분 직무 인턴 모...,회사내규에 따름,경력무관,대졸(4년),주5일,서울 금천구  등,등록일 : 2025-04-10,,채용시까지,https://www.work24.go.kr/wk/static/images/logo/jobkorea.png,데이터 라벨링/AI보조
엠앤앤에이치㈜,유니티 언리얼 개발자 (주4일 근무 - 격주),회사내규에 따름,신입/경력,대졸(4년),기타,서울 성동구,2025-05-10,2025-04-10,D-29,https://www.work24.go.kr/wk/static/images/logo/jobkorea.png,개발자
㈜엘트라글로벌,리눅스 서버클라이언트 개발자,"연봉 3,300 만원 ~ 4,500 만원",경력3년,대졸(4년),주5일,경기 성남시 중원구 등,2025-05-10,2025-04-10,D-29,https://www.work24.go.kr/wk/static/images/logo/jobkorea.png,개발자
포인드주식회사,포인드(주) 인공지능·딥러닝 개발자 채용 (신입),"연봉 3,000 만원 이상",신입,학력무관,주5일,경상북도 구미시 구미대로,2025-05-10,2025-04-10,채용시까지,https://www.work24.go.kr/wk/static/images/logo/work24.png,개발자
포인드주식회사,포인드(주) 인공지능·딥러닝 개발자 채용 (경력),"연봉 3,270 만원 이상",경력2년,학력무관,주5일,경상북도 구미시 구미대로,2025-05-10,2025-04-10,채용시까지,https://www.work24.go.kr/wk/static/images/logo/work24.png,개발자
㈜문화상품권,문화상품권 - IT사업본부 IT보안팀 채용,회사내규에 따름,경력1년,대졸(4년),주5일,서울 강남구  등,2025-04-16,2025-04-10,D-5,https://www.work24.go.kr/wk/static/images/logo/jobkorea.png,보안 엔지니어
코오롱인더스트리㈜,2025년 코오롱인더스트리 경력사원 상반기 공개채용,회사내규에 따름,경력2년,대졸(4년),,서울 강서구  등,2025-04-22,2025-04-10,D-11,https://www.work24.go.kr/wk/static/images/logo/jobkorea.png,기타
㈜KT DS,[kt ds] 2025년 부문별 경력사원 상시채용,회사내규에 따름,경력,학력무관,,서울 서초구,2025-04-18,2025-04-10,D-7,https://www.work24.go.kr/wk/static/images/logo/jobkorea.png,기타
㈜위쥬테크,주차관제 시스템개발 경력직 채용,회사내규에 따름,경력5년,대졸(2~3년),주5일,경기 광명시  등,2025-05-10,2025-04-10,D-29,https://www.work24.go.kr/wk/static/images/logo/jobkorea.png,기타
에너시스(주),임베디드 시스템 개발자,"연봉 3,000 만원 이상",경력무관,"대졸(2~3년)
														 ~ 석사",주5일,경기도 성남시 중원구,2025-06-08,2025-04-10,채용시까지,https://www.work24.go.kr/wk/static/images/logo/work24.png,개발자
㈜편한가,풀스택 주니어 개발자 채용,회사내규에 따름,경력2년,대졸(2~3년),주5일,서울 강남구,2025-05-10,2025-04-10,D-29,https://www.work24.go.kr/wk/static/images/logo/jobkorea.png,웹/앱 개발자
(주)멕아이씨에스,프론트엔드 개발자 채용,월급 209 만원 이상,경력무관,대졸(4년),주5일,서울특별시 마포구 모래내로7길,2025-06-09,2025-04-10,채용시까지,https://www.work24.go.kr/wk/static/images/logo/work24.png,웹/앱 개발자
주식회사 넥스텝,언리얼 엔진 기반의 라이다 솔루션 개발자 채용,"연봉 3,000 만원 ~ 4,000 만원",경력무관,대졸(4년),주5일,경기도 부천시 원미구,2025-06-08,2025-04-10,채용시까지,https://www.work24.go.kr/wk/static/images/logo/work24.png,개발자
주식회사 정안소프트,서버 프로그래머 모집 공고,"연봉 10,000 만원 ~ 12,000 만원",경력15년,학력무관,주5일,서울특별시 강남구 학동로,2025-04-30,2025-04-10,D-19,https://www.work24.go.kr/wk/static/images/logo/work24.png,시스템 운영
공간제작소㈜,[공간제작소] [정규직] 2025년 각 부문별 채용,회사내규에 따름,신입/경력,학력무관,주5일,경기 화성시  등,등록일 : 2025-04-10,,채용시까지,https://www.work24.go.kr/wk/static/images/logo/jobkorea.png,기타
미래환경플랜건축사사무소,Front-end 경력 개발자[전문연구요원],회사내규에 따름,신입/경력,석사,,서울 강남구  등,2025-04-20,2025-04-10,D-9,https://www.work24.go.kr/wk/static/images/logo/rndJob.png,개발자
미래환경플랜건축사사무소,Back-end 경력 개발자[전문연구요원],회사내규에 따름,경력3년,석사,,서울 강남구  등,2025-04-20,2025-04-10,D-9,https://www.work24.go.kr/wk/static/images/logo/rndJob.png,개발자
(주)체스트넛,앱(iOS) 개발 신입 구인,"연봉 2,700 만원 ~ 2,800 만원",신입/경력1년,고졸,주5일,서울 금천구,등록일 : 2025-04-10,,채용시까지,https://www.work24.go.kr/wk/static/images/logo/incruit.png,앱 개발자
주식회사 노블링크,"스마트헬스케어 키오스크 - 앱 개발 개발자 채용(신입,주임급)","연봉 2,600 만원 ~ 2,700 만원",경력1년,대졸(2~3년),주5일,경기 화성시,등록일 : 2025-04-10,,채용시까지,https://www.work24.go.kr/wk/static/images/logo/incruit.png,개발자
주식회사 리안,Python React AI개발자 모집,"연봉 3,600 만원 ~ 4,000 만원",경력2년,학력무관,주5일,서울특별시 금천구 디지털로10길,2025-06-08,2025-04-09,채용시까지,https://www.work24.go.kr/wk/static/images/logo/work24.png,AI개발자
주식회사 유닉트,마케팅 전략 기획 및 소프트웨어(SW) 개발,월급 220 만원 이상,경력무관,학력무관,주5일,경기도 양주시 옥정로6길,2025-06-08,2025-04-09,채용시까지,https://www.work24.go.kr/wk/static/images/logo/work24.png,기획/PM
잡코리아(유),[잡코리아] FE 개발 (5년 이상),회사내규에 따름,경력5년,학력무관,,서울 서초구,2025-04-27,2025-04-09,D-16,https://www.work24.go.kr/wk/static/images/logo/jobkorea.png,웹 개발자
(주)신화유디텍,방송용장비 하드웨어 기술자,"연봉 5,000 만원 ~ 5,000 만원",경력5년,학력무관,주5일,경상남도 김해시 금관대로1073번길,2025-04-30,2025-04-09,D-19,https://www.work24.go.kr/wk/static/images/logo/work24.png,HW/제어개발자
㈜잠바구니,숙박커뮤니티 플랫폼 (주)잠바구니 flutter 앱 개발자채용.,회사내규에 따름,신입/경력,학력무관,주5일,서울 강남구,2025-05-09,2025-04-09,D-28,https://www.work24.go.kr/wk/static/images/logo/jobkorea.png,웹/앱 개발자
티앤엠테크,티앤엠테크 시스템 유지보수 및 운영지원 Developer 채용,회사내규에 따름,경력3년,대졸(4년),주5일,서울 서초구,2025-05-09,2025-04-09,D-28,https://www.work24.go.kr/wk/static/images/logo/jobkorea.png,시스템 운영
㈜신진금고,소프트웨어 프로그래머 채용,회사내규에 따름,경력5년,대졸(2~3년),주5일,경기 시흥시  등,2025-04-30,2025-04-09,D-19,https://www.work24.go.kr/wk/static/images/logo/jobkorea.png,소프트웨어 개발
주식회사 유호스트,"[주5일/금요일 격주 휴무] 웹개발 정규직 채용 (Java, Spr...","연봉 2,800 만원 ~ 3,500 만원",경력2년,학력무관,주5일,서울특별시 서초구 남부순환로,2025-04-23,2025-04-09,D-12,https://www.work24.go.kr/wk/static/images/logo/work24.png,웹 개발자
잡코리아(유),[잡코리아] BE개발 경력직 대규모 채용,회사내규에 따름,경력3년,학력무관,,서울 서초구,2025-04-13,2025-04-09,D-2,https://www.work24.go.kr/wk/static/images/logo/jobkorea.png,웹 개발자
주식회사 아이코닉스,웨어러블 의료기기 IoT 개발자 모집,월급 300 만원 ~ 350 만원,경력10년,학력무관,주5일,경기도 고양시 덕양구,2025-06-08,2025-04-09,D-58,https://www.work24.go.kr/wk/static/images/logo/work24.png,개발자
㈜제노레이,[신입 / 경력] 소프트웨어(SW) 우수인재 모집,회사내규에 따름,신입/경력,대졸(4년),주5일,서울 강남구,2025-05-09,2025-04-09,D-28,https://www.work24.go.kr/wk/static/images/logo/jobkorea.png,기타
㈜엠아이티마스,[평촌] 야간 작업(Batch) 운영자(OP) 정년퇴직자 환영,회사내규에 따름,경력무관,학력무관,주5일,경기 안양시 동안구 등,2025-05-09,2025-04-09,D-28,https://www.work24.go.kr/wk/static/images/logo/jobkorea.png,시스템 운영자
(주)거룡아이티,2025년 Web(java) 개발자 채용,"연봉 3,000 만원 ~ 5,000 만원",경력3년,학력무관,주5일,경기도 고양시 덕양구,2025-04-23,2025-04-09,D-12,https://www.work24.go.kr/wk/static/images/logo/work24.png,개발자
㈜아트매틱컴퍼니,[아트매틱 컴퍼니] 음원 서비스 웹(APP) 기획/개발 PM채용,회사내규에 따름,경력3년,대졸(4년),주5일,서울 성동구  등,2025-05-09,2025-04-09,D-28,https://www.work24.go.kr/wk/static/images/logo/jobkorea.png,기획/PM
엔케이디(NKD),미국 SK테네시(BOSK) 공장 및 JV조지아 반도체 자동화 설비 ...,회사내규에 따름,신입/경력,대졸(2~3년),주5일,충남 아산시  등,등록일 : 2025-04-09,,채용시까지,https://www.work24.go.kr/wk/static/images/logo/jobkorea.png,해외법인/글로벌 운영지원
㈜에스엠컬처앤콘텐츠,[SM C&C] SM컬처앤콘텐츠 프론트 엔드 개발자 담당 경력직 채...,회사내규에 따름,경력5년,대졸(4년),주5일,서울 성동구,2025-04-24,2025-04-09,D-13,https://www.work24.go.kr/wk/static/images/logo/jobkorea.png,개발자
(주)이아이시스템즈,소프트웨어 개발 사원 모집,"연봉 2,800 만원 ~ 3,200 만원",경력무관,학력무관,주5일,서울특별시 성동구 성수일로,2025-06-07,2025-04-09,채용시까지,https://www.work24.go.kr/wk/static/images/logo/work24.png,기타
㈜루나볼트,임베디드 SW개발 BMS (MCU 펌웨어 프로그래밍),"연봉 4,000 만원 ~ 7,000 만원",경력무관,대졸(4년),주5일,경기 안양시 동안구 등,2025-06-08,2025-04-09,D-58,https://www.work24.go.kr/wk/static/images/logo/jobkorea.png,소프트웨어 개발
위쉬정보기술㈜,마곡 LG U 모니터링 구축 python,회사내규에 따름,경력무관,학력무관,주5일,서울 구로구,2025-05-09,2025-04-09,D-28,https://www.work24.go.kr/wk/static/images/logo/jobkorea.png,기타
위쉬정보기술㈜,여의도 넥서스커뮤니티 개발 java react next,회사내규에 따름,경력무관,학력무관,주5일,서울 구로구,2025-05-09,2025-04-09,D-28,https://www.work24.go.kr/wk/static/images/logo/jobkorea.png,웹 개발자
위쉬정보기술㈜,"여의도 우리투자증권 개발 및 운영 C, C++, python",회사내규에 따름,경력무관,학력무관,주5일,서울 구로구,2025-05-09,2025-04-09,D-28,https://www.work24.go.kr/wk/static/images/logo/jobkorea.png,기타
위쉬정보기술㈜,가산 기술보증기금 ONE플랫폼 구축 AA,회사내규에 따름,경력무관,학력무관,주5일,서울 구로구,2025-05-09,2025-04-09,D-28,https://www.work24.go.kr/wk/static/images/logo/jobkorea.png,프로그램 운영/AA
주식회사 엠피씨플러스,[경력] 솔루션 영업담당자 채용,회사내규에 따름,경력3년,학력무관,주5일,서울 영등포구  등,2025-04-16,2025-04-09,D-5,https://www.work24.go.kr/wk/static/images/logo/jobkorea.png,솔루션 영업/기술영업
위쉬정보기술㈜,강남 페루소나 LLM튜닝 경험자 모집,회사내규에 따름,경력무관,학력무관,주5일,서울 구로구,2025-05-09,2025-04-09,D-28,https://www.work24.go.kr/wk/static/images/logo/jobkorea.png,데이터 라벨링/AI보조
㈜이글루코퍼레이션,[보안관제센터] 보안서비스 웹컨텐츠 프론트엔드 개발 경력 채용 (광...,회사내규에 따름,경력2년,대졸(2~3년),주5일,광주 서구,2025-04-30,2025-04-09,D-19,https://www.work24.go.kr/wk/static/images/logo/jobkorea.png,웹/앱 개발자
랜드소프트 주식회사,[일자리매칭플랫폼] 산업기능요원 채용공고,회사내규에 따름,경력3년,학력무관,,서울 서초구,2025-05-31,2025-04-09,D-50,https://www.work24.go.kr/wk/static/images/logo/kosme.png,기타
㈜드림텍,㈜드림텍 2025년 2분기 수시 채용,회사내규에 따름,신입/경력,고졸,,경기 성남시 분당구 등,2025-04-20,2025-04-09,D-9,https://www.work24.go.kr/wk/static/images/logo/jobkorea.png,기타
주식회사 듀오픽스레이(duoPIX-ray Inc.),[제품기술-소프트웨어] 개발자 연구원 모집,"연봉 2,516 만원 이상",경력3년,대졸(4년),주5일,경기도 용인시 기흥구,2025-06-07,2025-04-08,채용시까지,https://www.work24.go.kr/wk/static/images/logo/work24.png,개발자
주식회사위트소프트,[(주) 위트소프트] 울산근무 소프트웨어 개발 (PML/C#) 신입...,"연봉 3,400 만원 ~ 3,400 만원",신입,학력무관,주5일,울산광역시 동구 방어진순환도로,2025-05-23,2025-04-08,D-42,https://www.work24.go.kr/wk/static/images/logo/work24.png,기획/PM
포항공대가속기연구소,포항가속기연구소 위촉기술원(4GSR) 채용 공고(~4.21(월)까지...,월급 250 만원 ~ 250 만원,경력무관,"대졸(4년)
														 ~ 박사",주5일,경상북도 포항시 남구,2025-04-21,2025-04-08,D-10,https://www.work24.go.kr/wk/static/images/logo/work24.png,해외법인/글로벌 운영지원
㈜유도,㈜유도 신입 및 경력사원 모집,회사내규에 따름,신입/경력,학력무관,,경기 화성시,2025-04-14,2025-04-08,D-3,https://www.work24.go.kr/wk/static/images/logo/jobkorea.png,기타
㈜서연이화,㈜서연이화 2025년 해외법인(미국) 현채인 모집 공고,회사내규에 따름,신입/경력,대졸(2~3년),,서울   등,2025-04-13,2025-04-08,D-2,https://www.work24.go.kr/wk/static/images/logo/jobkorea.png,해외법인/글로벌 운영지원
주식회사 커넥트쓰리알,(주)커넥트쓰리알  직원채용공고,"연봉 2,750 만원 ~ 3,000 만원",경력1년,학력무관,주5일,광주광역시 북구 첨단과기로,2025-05-07,2025-04-08,채용시까지,https://www.work24.go.kr/wk/static/images/logo/work24.png,기타
㈜케이제이씨디스플레이코퍼레이션,(주) 케이제이씨 디스플레이 코퍼레이션 각 부문 신입 및 경력직 채...,회사내규에 따름,신입/경력,대졸(2~3년),주5일,서울 영등포구  등,2025-04-30,2025-04-08,D-19,https://www.work24.go.kr/wk/static/images/logo/jobkorea.png,기타
주식회사 암펠,정규직 총괄 PM 채용,월급 750 만원 이상,경력9년,학력무관,주5일,경기도 고양시 일산동구,2025-05-08,2025-04-08,D-27,https://www.work24.go.kr/wk/static/images/logo/work24.png,기획/PM
㈜마크로젠,㈜마크로젠 각 부문 신입/경력 직원채용,회사내규에 따름,신입/경력,학력무관,주5일,서울 금천구  등,등록일 : 2025-04-08,,채용시까지,https://www.work24.go.kr/wk/static/images/logo/jobkorea.png,기타
트리노드㈜,[부산/경력 무관] ID팀 - 일본 PM,회사내규에 따름,경력무관,학력무관,주5일,부산 해운대구,2025-06-07,2025-04-08,D-57,https://www.work24.go.kr/wk/static/images/logo/jobkorea.png,기획/PM
㈜소프트베이스,SW 솔루션 기술 영업,회사내규에 따름,경력5년,대졸(2~3년),주5일,서울 구로구  등,2025-06-07,2025-04-08,D-57,https://www.work24.go.kr/wk/static/images/logo/jobkorea.png,솔루션 영업/기술영업
㈜현대바이오랜드,현대바이오랜드 신입/경력직 수시채용 공고,회사내규에 따름,신입/경력,대졸(2~3년),주5일,서울 강남구  등,2025-04-13,2025-04-08,D-2,https://www.work24.go.kr/wk/static/images/logo/jobkorea.png,기타
주식회사 암펠,[암펠] 정규직 초중고급 개발자 채용,월급 400 만원 이상,경력3년,학력무관,주5일,경기도 고양시 일산동구,2025-05-08,2025-04-08,D-27,https://www.work24.go.kr/wk/static/images/logo/work24.png,개발자
주식회사 딥케어즈,"영상 처리 연구/개발자모집,",월급 210 만원 이상,경력1년,학력무관,주5일,서울특별시 강남구 선릉로107길,2025-06-07,2025-04-08,채용시까지,https://www.work24.go.kr/wk/static/images/logo/work24.png,개발자
주식회사 딥케어즈,인공지능 응용 소프트웨어 연구 및 개발자,월급 210 만원 이상,경력1년,학력무관,주5일,서울특별시 강남구 선릉로107길,2025-06-07,2025-04-08,D-57,https://www.work24.go.kr/wk/static/images/logo/work24.png,개발자
국제인재개발원,IT 분야 웹개발자 과정 훈련 교강사 채용,"연봉 3,000 만원 ~ 5,000 만원",경력1년,학력무관,주5일,광주광역시 북구 호동로,2025-04-30,2025-04-08,D-19,https://www.work24.go.kr/wk/static/images/logo/work24.png,웹/앱 개발자
안랩,Web 개발_연구개발,회사내규에 따름,경력,,,경기 성남시,2025-04-13,2025-04-08,D-2,https://www.work24.go.kr/wk/static/images/logo/openRecruit.png,웹 개발자
주식회사 웨이플러스,웹 개발 / 인공지능 분야 모집,월급 300 만원 ~ 350 만원,경력3년,대졸(4년),주5일,제주특별자치도 제주시 첨단로,2025-06-06,2025-04-08,채용시까지,https://www.work24.go.kr/wk/static/images/logo/work24.png,웹 개발자
㈜인라이플,[주4.5일근무] Back-end Developer (JAVA) 채...,회사내규에 따름,경력5년,학력무관,기타,서울 구로구  등,2025-06-07,2025-04-08,D-57,https://www.work24.go.kr/wk/static/images/logo/jobkorea.png,웹 개발자
아남전자㈜,아남전자(주) 개발품질부문 경력 채용,회사내규에 따름,경력10년,대졸(2~3년),주5일,서울 구로구,2025-05-08,2025-04-08,D-27,https://www.work24.go.kr/wk/static/images/logo/jobkorea.png,QA/품질관리
㈜애드플로우,경력직 웹 개발자 채용,"연봉 3,600 만원 ~ 4,500 만원",경력3년,학력무관,주5일,부산 부산진구,2025-05-08,2025-04-08,D-27,https://www.work24.go.kr/wk/static/images/logo/jobkorea.png,개발자
㈜인라이플,[주4.5일근무] Front-end Developer (Vue.js...,회사내규에 따름,경력5년,학력무관,기타,서울 구로구  등,2025-06-07,2025-04-08,D-57,https://www.work24.go.kr/wk/static/images/logo/jobkorea.png,시스템 운영자
㈜프리텔레콤,[인스코비 그룹] 통신 청구/수납 프로그램 시스템 개발 및 유지보수,회사내규에 따름,경력3년,대졸(2~3년),주5일,서울 성동구,2025-05-08,2025-04-08,D-27,https://www.work24.go.kr/wk/static/images/logo/jobkorea.png,프로그램 운영/AA
㈜영원아웃도어,노스페이스 디지털 부분 수시 채용(경력),회사내규에 따름,경력1년,대졸(4년),주5일,경기 성남시 중원구 등,2025-04-27,2025-04-08,D-16,https://www.work24.go.kr/wk/static/images/logo/jobkorea.png,광고/마케팅 기술
콘센트릭스서비스코리아(유),[Catalyst] 대기업 디지털 광고/마케팅 Tag 개발,회사내규에 따름,경력3년,학력무관,주5일,서울 영등포구,2025-04-30,2025-04-08,D-19,https://www.work24.go.kr/wk/static/images/logo/jobkorea.png,광고/마케팅 기술
CJ 4DPLEX,[CJ그룹 계열사] CJ 4DPLEX 보안 정책기획/운영/관리 경력...,회사내규에 따름,경력3년,대졸(4년),,서울 마포구,2025-04-21,2025-04-08,D-10,https://www.work24.go.kr/wk/static/images/logo/jobkorea.png,기획/PM
우리에프아이에스㈜,보안솔루션 운영 경력 채용,회사내규에 따름,경력1년,학력무관,주5일,서울 마포구,2025-04-30,2025-04-08,D-19,https://www.work24.go.kr/wk/static/images/logo/jobkorea.png,보안담당자
㈜애니파이브,"2025년 SW 부문별 신입/경력사원 공개채용[PM/PL, AA, ...",회사내규에 따름,신입/경력,학력무관,주5일,서울 구로구,2025-05-08,2025-04-08,D-27,https://www.work24.go.kr/wk/static/images/logo/jobkorea.png,기획/PM
㈜제이시스메디칼,[제이시스메디칼] 각 부문별 신입/경력 채용,회사내규에 따름,신입/경력,학력무관,,서울 금천구,등록일 : 2025-04-08,,채용시까지,https://www.work24.go.kr/wk/static/images/logo/jobkorea.png,기타
(주)브이웨이,[일자리매칭플랫폼] C# 윈도우 어플리케이션 개발자 모집(경력),회사내규에 따름,경력5년,학력무관,,서울,2025-06-07,2025-04-08,D-57,https://www.work24.go.kr/wk/static/images/logo/kosme.png,개발자
주식회사신성테크,소프트웨어 개발자 채용,"연봉 3,500 만원 이상",경력무관,"대졸(2~3년)
														 ~ 대졸(4년)",주5일,광주광역시 광산구 진곡산단중앙로,2025-04-30,2025-04-07,D-19,https://www.work24.go.kr/wk/static/images/logo/work24.png,개발자
주식회사 단비아이엔씨(danbee Inc.),[채용-상시] 인공지능 챗봇플랫폼 단비Ai에서 백엔드 개발자를 모집...,"연봉 3,500 만원 이상",경력3년,학력무관,주5일,서울특별시 서초구 서초대로50길,2025-06-03,2025-04-07,채용시까지,https://www.work24.go.kr/wk/static/images/logo/work24.png,웹/앱 개발자
주식회사나은정보,"네트워크 엔지니어 모집합니다 (신입,초급 엔지니어)","연봉 2,600 만원 이상",신입,학력무관,주5일,경기도 광명시 하안로,2025-06-02,2025-04-07,채용시까지,https://www.work24.go.kr/wk/static/images/logo/work24.png,엔지니어
주식회사 단비아이엔씨(danbee Inc.),[채용-상시] 인공지능 챗봇플랫폼 단비Ai에서 프론트엔드 개발자를 ...,"연봉 3,300 만원 이상",경력3년,학력무관,주5일,서울특별시 서초구 서초대로50길,2025-06-03,2025-04-07,채용시까지,https://www.work24.go.kr/wk/static/images/logo/work24.png,웹/앱 개발자
(주)우주주차,[제주] SW개발자,월급 300 만원 ~ 500 만원,경력2년,"대졸(4년)
														 ~ 박사",주5일,제주특별자치도 제주시 첨단로,2025-04-30,2025-04-07,D-19,https://www.work24.go.kr/wk/static/images/logo/work24.png,기타 개발자
주식회사 미래에이아이,미디어콘텐츠 개발자 모집,월급 210 만원 이상,경력무관,"대졸(2~3년)
														 ~ 박사",주5일,제주특별자치도 제주시 첨단로,2025-06-06,2025-04-07,채용시까지,https://www.work24.go.kr/wk/static/images/logo/work24.png,개발자
에스디소프트,웹 개발(경력) 직원 채용,월급 300 만원 이상,경력1년,학력무관,주5일,서울특별시 중구 퇴계로36길,2025-06-06,2025-04-07,채용시까지,https://www.work24.go.kr/wk/static/images/logo/work24.png,웹 개발자
서우에이치알,건설 전문 IT 기업 서우HR 골조 시공 전문가/도면 제작/서비스 ...,월급 320 만원 ~ 700 만원,경력,대졸(4년),주6일,서울 송파구,2025-04-25,2025-04-07,D-14,https://www.work24.go.kr/wk/static/images/logo/jobkorea.png,연구원/기술원
AACT,[인천공항] AACT 화물터미널 각 부문 신입/경력 정규직 모집,회사내규에 따름,신입/경력,학력무관,기타,인천 중구  등,2025-05-07,2025-04-07,D-26,https://www.work24.go.kr/wk/static/images/logo/jobkorea.png,프로그램 운영/AA
유한회사 한국기계설비기술,프로그래머 c#,"연봉 3,000 만원 ~ 5,000 만원",신입,학력무관,주5일,광주광역시 북구 문화소통로,2025-04-25,2025-04-07,D-14,https://www.work24.go.kr/wk/static/images/logo/work24.png,기타
㈜엠플라인,[성수/ISMS/보안]MVNO기업 정보보호 담당자 대규모 채용,"연봉 2,700 만원 ~ 4,000 만원",경력,대졸(2~3년),주5일,서울 성동구  등,2025-06-06,2025-04-07,D-56,https://www.work24.go.kr/wk/static/images/logo/jobkorea.png,보안담당자
㈜사회평론,프론트엔드 개발자/웹 디자이너 채용,회사내규에 따름,경력무관,학력무관,주5일,서울 마포구  등,2025-04-20,2025-04-07,D-9,https://www.work24.go.kr/wk/static/images/logo/jobkorea.png,웹/앱 개발자
갤럭시아머니트리㈜,[효성 계열사] PG 사업 업무지원 담당자 모집,회사내규에 따름,경력무관,고졸,,서울 강남구,2025-04-18,2025-04-07,D-7,https://www.work24.go.kr/wk/static/images/logo/jobkorea.png,기타
김영일교육컨설팅㈜,"PHP , CI ( 프론트엔드 , 백엔드 ) 경력 정규직채용",회사내규에 따름,경력5년,대졸(4년),주5일,서울 강남구,2025-05-07,2025-04-07,D-26,https://www.work24.go.kr/wk/static/images/logo/jobkorea.png,웹/앱 개발자
아모레퍼시픽,[신입] '25년 상반기 전임직 채용_제어시스템 개발,회사내규에 따름,신입,"대졸예정(2~3년)
														 ~ 대졸(2~3년)",,경기 오산시,2025-04-21,2025-04-07,D-10,https://www.work24.go.kr/wk/static/images/logo/openRecruit.png,기타
㈜더바디채널,"[백엔드/서버 개발자] 점심 식대 제공, 금요일 4시 퇴근",회사내규에 따름,경력5년,대졸(2~3년),주5일,서울 강서구  등,2025-04-18,2025-04-07,D-7,https://www.work24.go.kr/wk/static/images/logo/jobkorea.png,웹/앱 개발자
한맥콘트롤즈(주),한맥콘트롤즈(주) 각 부문 신입 및 경력직 채용,"연봉 3,000 만원 ~ 8,000 만원",경력무관,"대졸(2~3년)
														 ~ 박사",주5일,서울특별시 강서구 마곡중앙4로,2025-04-22,2025-04-07,채용시까지,https://www.work24.go.kr/wk/static/images/logo/work24.png,기타
㈜먹깨비,공공배달앱(주)먹깨비 개발직군(PHP/Node.js) 경력직 수시 ...,"연봉 4,000 만원 ~ 4,000 만원",경력3년,고졸,주5일,경기 성남시 분당구 등,2025-05-07,2025-04-07,D-26,https://www.work24.go.kr/wk/static/images/logo/jobkorea.png,기타
㈜케이아이엔엑스,2025 KINX 인턴 및 경력채용,회사내규에 따름,신입/경력,학력무관,,경기 과천시  등,2025-04-20,2025-04-07,D-9,https://www.work24.go.kr/wk/static/images/logo/jobkorea.png,기타
에이테크솔루션,2025 상반기 공개채용,회사내규에 따름,신입/경력,학력무관,,경기 화성시  등,등록일 : 2025-04-07,,채용시까지,https://www.work24.go.kr/wk/static/images/logo/jobkorea.png,기타
주식회사 엔플러그,[일자리매칭플랫폼] [SW팀] 서버 개발자 인재채용 (경력&신입),회사내규에 따름,신입/경력,학력무관,,경기 성남시 수정구 등,2025-06-06,2025-04-07,D-56,https://www.work24.go.kr/wk/static/images/logo/kosme.png,개발자
콘센트릭스서비스코리아(유),[Catalyst]Global App Tagging 개발 및 운영,회사내규에 따름,경력5년,학력무관,주5일,서울 강남구,2025-04-30,2025-04-07,D-19,https://www.work24.go.kr/wk/static/images/logo/jobkorea.png,기타
위쉬정보기술㈜,원주 도로교통공단 운영 java,회사내규에 따름,경력무관,학력무관,주5일,서울 구로구,2025-05-07,2025-04-07,D-26,https://www.work24.go.kr/wk/static/images/logo/jobkorea.png,웹 개발자
㈜이노스트,"[광화문 ]공공기관 데이타이관.os설치,헬프데스크,등등 초급 모집 ...",회사내규에 따름,경력1년,대졸(2~3년),주5일,서울 종로구,2025-05-07,2025-04-07,D-26,https://www.work24.go.kr/wk/static/images/logo/jobkorea.png,기타
(주)그레이브릿지,[비블록] 가상자산거래소 개발자 경력직 채용,회사내규에 따름,경력4년,대졸(4년),,서울 강남구,2025-05-07,2025-04-07,D-26,https://www.work24.go.kr/wk/static/images/logo/incruit.png,개발자
㈜우리기술,우리기술 SW개발/임베디드/PSD/영업/시스템 엔지니어 분야 채용,회사내규에 따름,신입/경력,학력무관,주5일,서울 마포구  등,2025-04-30,2025-04-07,D-19,https://www.work24.go.kr/wk/static/images/logo/jobkorea.png,엔지니어
(주)체스트넛,웹개발 신입 구인,"연봉 2,600 만원 ~ 2,700 만원",신입/경력1년,고졸,주5일,서울 금천구,등록일 : 2025-04-05,,채용시까지,https://www.work24.go.kr/wk/static/images/logo/incruit.png,웹 개발자
㈜웅진,콜센터 AICC 기획 및 운영 관리자 채용,회사내규에 따름,경력무관,학력무관,주5일,서울 중구  등,2025-05-02,2025-04-05,D-21,https://www.work24.go.kr/wk/static/images/logo/jobkorea.png,기획/PM
사이테크놀로지스 주식회사,"소프트웨어 개발자를 구합니다(C, Python)","연봉 3,200 만원 ~ 5,000 만원",경력무관,"대졸(4년)
														 ~ 박사",주5일,대전광역시 대덕구 한밭대로,2025-04-24,2025-04-04,D-13,https://www.work24.go.kr/wk/static/images/logo/work24.png,개발자
주식회사 메가웍스,(주)메가웍스 프런트엔드 개발자 인재 채용,"연봉 5,000 만원 이상",경력3년,"고졸
														 ~ 박사",주5일,광주광역시 동구 서남로,2025-06-03,2025-04-04,채용시까지,https://www.work24.go.kr/wk/static/images/logo/work24.png,개발자
한국국방연구원,한국국방연구원 2025년도 수시 채용공고,회사내규에 따름,신입/경력,학력무관,주5일,서울 동대문구  등,2025-04-16,2025-04-04,D-5,https://www.work24.go.kr/wk/static/images/logo/jobkorea.png,연구원
현대트랜시스㈜,25년 상반기 경력 채용,회사내규에 따름,경력,대졸(4년),,경기 화성시  등,2025-04-13,2025-04-04,D-2,https://www.work24.go.kr/wk/static/images/logo/jobkorea.png,기타
㈜인피닉,인피닉 AI연구소 언리얼 엔지니어 채용,회사내규에 따름,신입/경력,대졸(4년),주5일,서울 강남구,2025-05-04,2025-04-04,D-23,https://www.work24.go.kr/wk/static/images/logo/jobkorea.png,엔지니어
주식회사캐치잇플레이,AI 교육 플랫폼 - 웹 프론트엔드 개발자  (재택근무 가능),"연봉 4,000 만원 ~ 6,000 만원",경력5년,학력무관,주5일,제주특별자치도 제주시 중앙로,2025-06-03,2025-04-04,채용시까지,https://www.work24.go.kr/wk/static/images/logo/work24.png,웹/앱 개발자
(주)블루포인트,무선통신모뎀 FW 개발자 채용,월급 350 만원 ~ 700 만원,경력3년,학력무관,주5일,경기도 안양시 동안구,2025-04-30,2025-04-04,D-19,https://www.work24.go.kr/wk/static/images/logo/work24.png,개발자
주식회사 진성이디씨,UI/UX 개발자(퍼블리셔) 채용합니다[경력1년이상],월급 230 만원 이상,경력1년,학력무관,주5일,강원특별자치도 춘천시 춘천로,2025-04-30,2025-04-04,D-19,https://www.work24.go.kr/wk/static/images/logo/work24.png,개발자
현대오토에버㈜,품질 관리(항공),회사내규에 따름,경력5년,학력무관,주5일,서울 강남구,2025-04-30,2025-04-04,D-19,https://www.work24.go.kr/wk/static/images/logo/jobkorea.png,QA/품질관리
와이즈와이어즈주식회사,SW테스트엔지니어 신입/경력직 채용,"연봉 2,600 만원 이상",경력무관,"대졸(2~3년)
														 ~ 대졸(4년)",주5일,서울특별시 성동구 성수동1가,2025-05-12,2025-04-04,D-31,https://www.work24.go.kr/wk/static/images/logo/work24.png,엔지니어
㈜미디어윌,온라인사업실 시스템엔지니어(SE) 경력 채용,회사내규에 따름,경력4년,대졸(2~3년),주5일,서울 서대문구,2025-04-20,2025-04-04,D-9,https://www.work24.go.kr/wk/static/images/logo/jobkorea.png,엔지니어
(주)소프트제국,"[고양시 거주자만 지원 가능]블록체인/간편인증/보안 시스템, 웹 및...","연봉 3,000 만원 이상",경력무관,학력무관,주5일,경기도 고양시 덕양구,2025-04-23,2025-04-04,D-12,https://www.work24.go.kr/wk/static/images/logo/work24.png,보안담당자
㈜리버앤씨,임베디드 소프트웨어 개발 직무 경력 모집,회사내규에 따름,경력2년,대졸(2~3년),주5일,경기 안양시 동안구 등,2025-04-30,2025-04-04,D-19,https://www.work24.go.kr/wk/static/images/logo/jobkorea.png,임베디드 개발자
대아수지공업(주),[대아수지공업(주)] S/W개발 및 시스템 유지보수 담당자,월급 270 만원 ~ 290 만원,경력무관,학력무관,주5일,경상북도 구미시 수출대로9길,2025-06-03,2025-04-04,채용시까지,https://www.work24.go.kr/wk/static/images/logo/work24.png,시스템 운영
섹타나인,업무시스템 개발/운영 유지보수 담당자 수시 채용,회사내규에 따름,신입/경력,"대졸(4년)
														 ~ 박사",,서울 강남구,2025-04-14,2025-04-04,D-3,https://www.work24.go.kr/wk/static/images/logo/openRecruit.png,프로그램 운영/AA
주식회사 써지컬에이아이,"의료 영상 기반 영상처리, AI 프로그래머","연봉 3,200 만원 이상",경력2년,학력무관,주5일,서울특별시 강남구 역삼로,2025-04-30,2025-04-04,D-19,https://www.work24.go.kr/wk/static/images/logo/work24.png,기타
주식회사 메가웍스,(주)메가웍스 React 개발자 인재 채용,"연봉 5,000 만원 이상",경력3년,"고졸
														 ~ 박사",주5일,광주광역시 동구 서남로,2025-05-30,2025-04-04,채용시까지,https://www.work24.go.kr/wk/static/images/logo/work24.png,개발자
㈜안랩,AhnLab 그룹 전 직군 경력직 채용,회사내규에 따름,경력,학력무관,주5일,경기 성남시 분당구 등,2025-04-13,2025-04-04,D-2,https://www.work24.go.kr/wk/static/images/logo/jobkorea.png,기타
로데슈바르즈코리아 주식회사,로데슈바르즈코리아 R&D 소프트웨어 개발자 신입/경력직(서울),회사내규에 따름,신입/경력,대졸(4년),주5일,서울 강남구,등록일 : 2025-04-04,,채용시까지,https://www.work24.go.kr/wk/static/images/logo/incruit.png,개발자
㈜더드림버스,IT 개발자 및 디자이너 경력직 신규 채용,회사내규에 따름,경력,학력무관,주5일,서울 강서구,2025-05-04,2025-04-04,D-23,https://www.work24.go.kr/wk/static/images/logo/jobkorea.png,개발자
퍼솔켈리코리아 유한회사,[외국계 명품사/서울시청] IT Project Coordinator,회사내규에 따름,경력1년,대졸(4년),주5일,서울 중구,등록일 : 2025-04-04,,채용시까지,https://www.work24.go.kr/wk/static/images/logo/jobkorea.png,기타
갤럭시아머니트리㈜,[효성 계열사] 갤럭시아머니트리(주) 개발직 채용,회사내규에 따름,신입/경력,대졸(2~3년),,서울 강남구,2025-04-30,2025-04-04,D-19,https://www.work24.go.kr/wk/static/images/logo/jobkorea.png,기타
(주)유큐브,[일자리매칭플랫폼] [서울] 공공기관 정보시스템 구축 및 운영 유지...,회사내규에 따름,경력3년,대졸(4년),,서울 강남구,2025-06-03,2025-04-04,D-53,https://www.work24.go.kr/wk/static/images/logo/kosme.png,기타
근남정보기술 주식회사,[대전] Java(Spring) 웹 개발자 채용 (PM급),"연봉 3,000 만원 ~ 5,000 만원",경력7년,학력무관,주5일,대전 서구,2025-05-04,2025-04-04,D-23,https://www.work24.go.kr/wk/static/images/logo/incruit.png,개발자
주식회사 엘캠퍼스,[엘캠퍼스] PHP 개발자 모집,회사내규에 따름,경력3년,학력무관,주5일,서울 금천구,2025-05-04,2025-04-04,D-23,https://www.work24.go.kr/wk/static/images/logo/incruit.png,개발자
주식회사 이디코어,c# 및  java / 모델러 / 클라우드 AI개발자,회사내규에 따름,경력3년,대졸(2~3년),주5일,서울 금천구,등록일 : 2025-04-04,,채용시까지,https://www.work24.go.kr/wk/static/images/logo/incruit.png,AI개발자
위쉬정보기술㈜,야탑 대법원 형사전자소송 AA java Websquare,회사내규에 따름,경력무관,학력무관,주5일,서울 구로구,2025-05-04,2025-04-04,D-23,https://www.work24.go.kr/wk/static/images/logo/jobkorea.png,웹 개발자
㈜소만사,네트워크 보안 SW 개발자(C++) 채용,회사내규에 따름,신입/경력,대졸(2~3년),주5일,경기 성남시 수정구 등,2025-04-13,2025-04-04,D-2,https://www.work24.go.kr/wk/static/images/logo/jobkorea.png,개발자
㈜소만사,엔드포인트 보안 SW개발자(C++) 채용,회사내규에 따름,경력,대졸(2~3년),주5일,경기 성남시 수정구 등,2025-04-13,2025-04-04,D-2,https://www.work24.go.kr/wk/static/images/logo/jobkorea.png,기타 개발자
㈜소만사,프론트엔드/백엔드 개발자 채용,회사내규에 따름,경력3년,대졸(2~3년),주5일,경기 성남시 수정구 등,2025-04-13,2025-04-04,D-2,https://www.work24.go.kr/wk/static/images/logo/jobkorea.png,웹/앱 개발자
㈜소만사,웹 디자인/퍼블리싱 전문가 채용,회사내규에 따름,경력3년,대졸(2~3년),주5일,경기 성남시 수정구 등,2025-04-13,2025-04-04,D-2,https://www.work24.go.kr/wk/static/images/logo/jobkorea.png,기타
㈜소만사,개인정보보호 및 정보보안 컨설턴트 채용,회사내규에 따름,경력3년,대졸(4년),주5일,경기 성남시 수정구 등,2025-04-13,2025-04-04,D-2,https://www.work24.go.kr/wk/static/images/logo/jobkorea.png,보안담당자
현대오토에버㈜,제조/품질완결 시스템 개발/운영 (아산 금성),회사내규에 따름,경력3년,학력무관,주5일,충남 아산시,2025-05-04,2025-04-04,D-23,https://www.work24.go.kr/wk/static/images/logo/jobkorea.png,QA/품질관리
스마트파우치 로고 일러스트 디자인 컨설팅 디지털마케팅,로고 일러스트에서 유능한 직원을 채용합니다.,"월급 250 만원 ~ 1,000 만원",경력무관,학력무관,주5일,경기도 광주시 이배재로,2025-06-02,2025-04-03,채용시까지,https://www.work24.go.kr/wk/static/images/logo/work24.png,기타
OPEN TS,IT 분야 PM/PL 및 개발 신입/경력 채용,월급 240 만원 이상,경력무관,대졸(4년),주5일,경상남도 창원시 성산구,2025-04-24,2025-04-03,채용시까지,https://www.work24.go.kr/wk/static/images/logo/work24.png,기획/PM
현대오토에버㈜,Gateway 서비스 개발/운영,회사내규에 따름,경력4년,대졸(4년),주5일,서울 강남구,2025-04-30,2025-04-03,D-19,https://www.work24.go.kr/wk/static/images/logo/jobkorea.png,기타
현대오토에버㈜,CCS 글로벌 센터 전개 개발/운영,회사내규에 따름,경력3년,대졸(4년),주5일,서울 강남구,2025-04-30,2025-04-03,D-19,https://www.work24.go.kr/wk/static/images/logo/jobkorea.png,해외법인/글로벌 운영지원
현대오토에버㈜,계정관리 시스템 설계,회사내규에 따름,경력10년,대졸(4년),주5일,서울 강남구,2025-04-30,2025-04-03,D-19,https://www.work24.go.kr/wk/static/images/logo/jobkorea.png,기타
현대오토에버㈜,계정관리 시스템 개발/운영,회사내규에 따름,경력9년,대졸(4년),주5일,서울 강남구,2025-04-30,2025-04-03,D-19,https://www.work24.go.kr/wk/static/images/logo/jobkorea.png,기타
㈜얼라인드제네틱스,총무전산 담당자 채용,회사내규에 따름,경력,대졸(2~3년),주5일,경기 안양시 동안구 등,2025-04-18,2025-04-03,D-7,https://www.work24.go.kr/wk/static/images/logo/jobkorea.png,시스템 운영
예솔이앤에스주식회사,DCS시스템 엔지니어/서비스 엔지니어 신입./경력직  모집,"연봉 3,000 만원 ~ 3,500 만원",신입,"대졸(2~3년)
														 ~ 대졸(4년)",주5일,충청남도 서산시 서해로,2025-06-02,2025-04-03,채용시까지,https://www.work24.go.kr/wk/static/images/logo/work24.png,엔지니어
스튜디오 옙(STUDIO YEBB),[스튜디오 옙] 콘텐츠 기반 캐주얼 게임 개발자 채용,월급 230 만원 ~ 300 만원,경력3년,학력무관,주5일,경상남도 창원시 마산합포구,2025-06-01,2025-04-03,채용시까지,https://www.work24.go.kr/wk/static/images/logo/work24.png,개발자
(재)포항성모병원,포항성모병원 전산정보팀 사무원 채용,"연봉 3,700 만원 이상",경력무관,학력무관,주5일,경상북도 포항시 남구,2025-06-02,2025-04-03,채용시까지,https://www.work24.go.kr/wk/static/images/logo/work24.png,시스템 운영
한국IT교육원,"자율주행(로봇, AI)개발자 훈련교사 모집",월급 300 만원 이상,경력1년,학력무관,주5일,대구광역시 동구 동대구로,2025-06-02,2025-04-03,채용시까지,https://www.work24.go.kr/wk/static/images/logo/work24.png,개발자
대한상공회의소,[Etevers]언리얼엔진 DX Wave(3D Artist),회사내규에 따름,신입/경력,학력무관,주5일,서울 강남구,2025-04-30,2025-04-03,D-19,https://www.work24.go.kr/wk/static/images/logo/jobkorea.png,기타
㈜한국문화진흥,컬쳐랜드 개발팀 채용,회사내규에 따름,경력2년,학력무관,,서울 강남구,2025-04-20,2025-04-03,D-9,https://www.work24.go.kr/wk/static/images/logo/jobkorea.png,기타
㈜감정평가법인 대일감정원,[개발] 신입 및 경력 계약직 채용,회사내규에 따름,신입/경력,대졸(2~3년),주5일,서울 서초구  등,2025-04-11,2025-04-03,오늘마감,https://www.work24.go.kr/wk/static/images/logo/jobkorea.png,기타
CJ 4DPLEX,[CJ그룹 계열사] CJ 4DPLEX Matchmove / 3D A...,회사내규에 따름,경력4년,학력무관,기타,서울 금천구  등,2025-04-16,2025-04-03,D-5,https://www.work24.go.kr/wk/static/images/logo/jobkorea.png,기타
현대오토에버㈜,ESG플랫폼 서비스 개발/운영 경력채용,회사내규에 따름,경력3년,학력무관,주5일,서울 강남구,2025-05-03,2025-04-03,D-22,https://www.work24.go.kr/wk/static/images/logo/jobkorea.png,기타
(주)더라이징스타,[국내 중견 그룹사 소속 방산업체] C / C++ / C# 개발자 ...,회사내규에 따름,경력3년,대졸(4년),주5일,대전,2025-05-03,2025-04-03,D-22,https://www.work24.go.kr/wk/static/images/logo/incruit.png,개발자
㈜퓨너스,Flutter 기반 web app (web build) 개발자 채용,"연봉 2,700 만원 ~ 2,700 만원",신입/경력,대졸(2~3년),주5일,서울 금천구,2025-04-12,2025-04-03,D-1,https://www.work24.go.kr/wk/static/images/logo/jobkorea.png,개발자
소프트캠프㈜,보안SW 클라우드 DevOps 엔지니어 개발자 모집(신입/경력),회사내규에 따름,신입/경력,대졸(4년),주5일,경기 과천시,2025-06-02,2025-04-03,D-52,https://www.work24.go.kr/wk/static/images/logo/jobkorea.png,개발자
한국마커스㈜,[분당구] 프로그램개발 직무 인재채용,회사내규에 따름,경력무관,학력무관,주5일,경기 성남시 분당구 등,등록일 : 2025-04-03,,채용시까지,https://www.work24.go.kr/wk/static/images/logo/jobkorea.png,기타
㈜스냅컴퍼니,[스냅컴퍼니] 웹솔루션 개발자 모집 공고,회사내규에 따름,경력2년,고졸,주5일,서울 강남구,등록일 : 2025-04-03,,채용시까지,https://www.work24.go.kr/wk/static/images/logo/jobkorea.png,개발자
(주)퍼브,2025 (주)퍼브 플랫폼본부 앱개발자 정규직 채용,회사내규에 따름,경력5년,대졸(2~3년),주5일,서울   등,등록일 : 2025-04-03,,채용시까지,https://www.work24.go.kr/wk/static/images/logo/incruit.png,웹/앱 개발자
(주)퍼브,2025 (주)퍼브 플랫폼본부 금융권 JAVA 개발자 정규직 채용,회사내규에 따름,경력5년,대졸(2~3년),주5일,서울 강남구  등,등록일 : 2025-04-03,,채용시까지,https://www.work24.go.kr/wk/static/images/logo/incruit.png,개발자
㈜미디어로그,미디어로그(LG그룹) 개발자 신입/경력 채용,회사내규에 따름,신입/경력,대졸(4년),,서울 마포구  등,2025-04-14,2025-04-03,D-3,https://www.work24.go.kr/wk/static/images/logo/jobkorea.png,개발자
(주)인프라칩,(주)인프라칩 풀스택 개발자 모집합니다.,"연봉 3,000 만원 ~ 4,000 만원",경력1년,"대졸(2~3년)
														 ~ 대졸(4년)",주5일,경기도 하남시 검단산로,2025-04-23,2025-04-02,D-12,https://www.work24.go.kr/wk/static/images/logo/work24.png,웹/앱 개발자
디제이 패밀리(DJ Family),백엔드 웹개발자 (JAVA) 상시채용,"연봉 3,000 만원 이상",경력1년,"대졸(4년)
														 ~ 박사",주5일,경상북도 안동시 길주길,2025-06-01,2025-04-02,채용시까지,https://www.work24.go.kr/wk/static/images/logo/work24.png,웹/앱 개발자
하나펀드서비스㈜,하나펀드서비스 각 부문별 신입/경력직 채용공고,회사내규에 따름,신입/경력,대졸(4년),,서울 중구,2025-04-13,2025-04-02,D-2,https://www.work24.go.kr/wk/static/images/logo/jobkorea.png,기타
㈜온라인투어,㈜온라인투어 JAVA개발 경력 채용,회사내규에 따름,경력5년,학력무관,주5일,서울 종로구  등,2025-04-30,2025-04-02,D-19,https://www.work24.go.kr/wk/static/images/logo/jobkorea.png,웹 개발자
(주)동락포스,Firm Ware Program개발자 모집,월급 300 만원 ~ 400 만원,경력10년,학력무관,주5일,경기도 평택시 진위면,2025-04-30,2025-04-02,D-19,https://www.work24.go.kr/wk/static/images/logo/work24.png,기타 개발자
주식회사 컨텐츠다,XR 디지털콘텐츠 개발 프로그래머,"연봉 3,000 만원 이상",경력무관,학력무관,주5일,경기도 부천시 원미구,2025-06-01,2025-04-02,채용시까지,https://www.work24.go.kr/wk/static/images/logo/work24.png,광고/마케팅 기술
㈜위피아,[경력] 웹 시스템 운영. 유지보수 담당자 채용,회사내규에 따름,경력5년,대졸(2~3년),주5일,서울 영등포구  등,2025-04-24,2025-04-02,D-13,https://www.work24.go.kr/wk/static/images/logo/jobkorea.png,프로그램 운영/AA
(주)델타시스템,소프트웨어 개발 및 운영자 경력사원 모집//(지고촉 희망업체),"연봉 2,600 만원 ~ 3,600 만원",경력1년,학력무관,주5일,대전광역시 유성구 문화원로,2025-04-21,2025-04-02,채용시까지,https://www.work24.go.kr/wk/static/images/logo/work24.png,시스템 운영자
㈜하이어다이버시티,백엔드 엔지니어 채용공고,회사내규에 따름,경력무관,학력무관,주5일,서울 서초구,2025-05-02,2025-04-02,D-21,https://www.work24.go.kr/wk/static/images/logo/jobkorea.png,웹/앱 개발자
㈜코비스테크놀로지,"장비 SW 엔지니어 모집(C#, 모션 제어, 비젼, 통신 - SEC...",회사내규에 따름,경력2년,대졸(2~3년),주5일,서울 금천구,2025-06-01,2025-04-02,D-51,https://www.work24.go.kr/wk/static/images/logo/jobkorea.png,엔지니어
㈜설빙,[(주)설빙] 2025년 상반기 각 부문 별 경력직 채용,회사내규에 따름,경력1년,대졸(4년),주5일,서울 중구  등,2025-04-27,2025-04-02,D-16,https://www.work24.go.kr/wk/static/images/logo/jobkorea.png,기타
CJ 4DPLEX,[CJ그룹 계열사] CJ 4DPLEX System Integrati...,회사내규에 따름,경력8년,학력무관,,서울 마포구,2025-04-15,2025-04-02,D-4,https://www.work24.go.kr/wk/static/images/logo/jobkorea.png,기타
㈜아데코코리아,[글로벌 게임사] Release Specialist 채용 (게임 개...,회사내규에 따름,경력무관,대졸(2~3년),주5일,서울 강남구,2025-05-02,2025-04-02,D-21,https://www.work24.go.kr/wk/static/images/logo/jobkorea.png,해외법인/글로벌 운영지원
㈜코드랩이앤티,"웹앱개발자, UX기획자 인턴십 교육프로그램 서울시 매력일자리 사업",월급 246 만원 ~ 246 만원,신입/경력,대졸(4년),주5일,서울 금천구  등,2025-05-02,2025-04-02,D-21,https://www.work24.go.kr/wk/static/images/logo/jobkorea.png,웹/앱 개발자
㈜비전잡,[정규직] 교육 플랫폼 웹개발자 공채,회사내규에 따름,경력3년,대졸(4년),주5일,서울 강남구,2025-05-02,2025-04-02,D-21,https://www.work24.go.kr/wk/static/images/logo/jobkorea.png,웹/앱 개발자
㈜이노액티브,그래픽엔진 개발자(엔비디아 Omniverse )모집,회사내규에 따름,신입/경력,대졸(2~3년),주5일,경기 성남시 분당구 등,2025-05-02,2025-04-02,D-21,https://www.work24.go.kr/wk/static/images/logo/jobkorea.png,개발자
아워박스,[서울 구로] 물류관리 시스템 개발 및 운영 개발자 (경력),회사내규에 따름,경력5년,학력무관,주5일,서울 구로구,2025-06-01,2025-04-02,D-51,https://www.work24.go.kr/wk/static/images/logo/jobkorea.png,개발자
주식회사엔유비즈,"경력직 개발자 : 웹프로그램(Java,SPRING boot,Reac...",월급 260 만원 이상,경력1년,"대졸(4년)
														 ~ 박사",주5일,광주광역시 서구 상무평화로,2025-05-31,2025-04-01,채용시까지,https://www.work24.go.kr/wk/static/images/logo/work24.png,개발자
주식회사 대성종합시스템,(주)교원에서 근무하실  Unity 3D를 이용한 Android 2...,월급 500 만원 ~ 500 만원,경력3년,학력무관,주5일,서울 중구,2025-05-01,2025-04-01,D-20,https://www.work24.go.kr/wk/static/images/logo/jobkorea.png,기타
서울도시철도엔지니어링(주),2025년 물류직렬 신입직원 공개채용(경력),월급 250 만원 이상,경력5년,학력무관,주5일,서울특별시 강동구 아리수로87길,2025-04-21,2025-04-01,D-10,https://www.work24.go.kr/wk/static/images/logo/work24.png,기타
주식회사 브리엘스홀딩스,【정규직】개발P.M 채용 공고[경력직],"연봉 3,500 만원 이상",경력2년,대졸(4년),주5일,전라남도 무안군 삼향읍,2025-04-30,2025-04-01,D-19,https://www.work24.go.kr/wk/static/images/logo/work24.png,기타
㈜파라다이스세가사미,2025년 파라다이스시티 각 부문 채용,회사내규에 따름,신입/경력,학력무관,,인천 중구,2025-04-13,2025-04-01,D-2,https://www.work24.go.kr/wk/static/images/logo/jobkorea.png,기타
㈜글로벌모터서비스,[영어필수 / 독일수입차업체] Navigation Test Engi...,"연봉 2,800 만원 ~ 4,000 만원",신입/경력,학력무관,주5일,서울 강남구  등,2025-05-01,2025-04-01,D-20,https://www.work24.go.kr/wk/static/images/logo/jobkorea.png,기타
㈜케이티클라우드,2025년 상반기 경력직 공개 채용,회사내규에 따름,경력,대졸(4년),,서울 강남구  등,2025-04-14,2025-04-01,D-3,https://www.work24.go.kr/wk/static/images/logo/jobkorea.png,기타
한국IT교육원,"채용연계형 AI 활용 미래형모빌리티(자율주행,로봇) 부트캠프",회사내규에 따름,경력무관,학력무관,주5일,대구 동구,2025-05-01,2025-04-01,D-20,https://www.work24.go.kr/wk/static/images/logo/jobkorea.png,기타
㈜쎄트렉아이,세트렉아이 경력직 수시 채용,회사내규에 따름,경력,학력무관,주5일,대전 유성구,2025-04-13,2025-04-01,D-2,https://www.work24.go.kr/wk/static/images/logo/jobkorea.png,기타
㈜하이어다이버시티,시니어 백엔드 엔지니어 채용공고,회사내규에 따름,경력8년,학력무관,주5일,서울 서초구,2025-05-01,2025-04-01,D-20,https://www.work24.go.kr/wk/static/images/logo/jobkorea.png,웹/앱 개발자
체크멀,연구소 -  윈도우개발 경력자 채용,"연봉 3,000 만원 ~ 8,000 만원",경력3년,대졸(2~3년),주5일,경기 용인시 수지구 등,2025-05-01,2025-04-01,D-20,https://www.work24.go.kr/wk/static/images/logo/jobkorea.png,해외법인/글로벌 운영지원
커리어커넥트(주),대형저축은행 IT개발팀원 (전자금융 Front/Server 개발자)...,회사내규에 따름,경력3년,대졸(2~3년),주5일,서울,등록일 : 2025-04-01,,채용시까지,https://www.work24.go.kr/wk/static/images/logo/incruit.png,개발자
㈜타라 티. 피. 에스,웹 서비스 개발,회사내규에 따름,경력3년,학력무관,주5일,서울 마포구,2025-05-06,2025-04-01,D-25,https://www.work24.go.kr/wk/static/images/logo/jobkorea.png,기타
㈜컴퓨존,PHP웹개발자 채용,회사내규에 따름,경력2년,학력무관,주5일,서울 용산구,2025-04-20,2025-04-01,D-9,https://www.work24.go.kr/wk/static/images/logo/jobkorea.png,웹/앱 개발자
㈜경포씨엔씨,[여의도/증권사] 증권사 운영 업무 시스템  개발자 모집,회사내규에 따름,경력,학력무관,주5일,서울 영등포구,2025-05-01,2025-04-01,D-20,https://www.work24.go.kr/wk/static/images/logo/jobkorea.png,개발자
위쉬정보기술㈜,부산 기술정보기금 개발 java react,회사내규에 따름,경력무관,학력무관,주5일,서울 구로구,2025-05-01,2025-04-01,D-20,https://www.work24.go.kr/wk/static/images/logo/jobkorea.png,웹 개발자
에스지생활안전㈜,[CJ그룹관계사] SG생활안전 각 부문별 경력직 채용,회사내규에 따름,신입/경력,학력무관,,경기 평택시  등,2025-04-20,2025-04-01,D-9,https://www.work24.go.kr/wk/static/images/logo/jobkorea.png,기타
㈜아이마켓코리아,인프라 운영 및 구축 담당 채용,회사내규에 따름,경력3년,대졸(4년),주5일,서울 강남구,2025-04-15,2025-04-01,D-4,https://www.work24.go.kr/wk/static/images/logo/jobkorea.png,기타
매드업,[테크사업부] 백엔드개발자 - 테크리드 채용,회사내규에 따름,경력8년,대졸(4년),주5일,서울 강남구,2025-05-01,2025-04-01,D-20,https://www.work24.go.kr/wk/static/images/logo/jobkorea.png,웹/앱 개발자
매드업,[테크사업부] SRE 채용,회사내규에 따름,경력2년,대졸(4년),주5일,서울 강남구,2025-05-01,2025-04-01,D-20,https://www.work24.go.kr/wk/static/images/logo/jobkorea.png,기타
㈜더캐리,2025년 (주)더캐리 IT인력 (정보혁신부) 공개채용,회사내규에 따름,경력무관,대졸(4년),주5일,서울 강남구,2025-05-01,2025-04-01,D-20,https://www.work24.go.kr/wk/static/images/logo/jobkorea.png,기타
애커튼테크놀로지서비스,[SK㈜ C&C 자회사] C&C 사내IT시스템 운영자 모집,회사내규에 따름,경력2년,학력무관,,경기 성남시 분당구 등,2025-05-31,2025-04-01,D-50,https://www.work24.go.kr/wk/static/images/logo/jobkorea.png,시스템 운영자
애커튼테크놀로지서비스,[SK(주)C&C 자회사] 제조부문 25년 상반기 경력사원 모집,회사내규에 따름,경력2년,학력무관,,경기 성남시 분당구 등,2025-05-31,2025-04-01,D-50,https://www.work24.go.kr/wk/static/images/logo/jobkorea.png,기타
애커튼테크놀로지서비스,[SK(주)C&C 자회사] ICT부문 25년 상반기 경력사원 모집,회사내규에 따름,경력2년,학력무관,,경기 성남시 분당구 등,2025-05-31,2025-04-01,D-50,https://www.work24.go.kr/wk/static/images/logo/jobkorea.png,기타
애커튼테크놀로지서비스,[SK(주)C&C 자회사] ERP부문 25년 상반기 경력사원 모집,회사내규에 따름,경력2년,학력무관,,서울 종로구,2025-05-31,2025-04-01,D-50,https://www.work24.go.kr/wk/static/images/logo/jobkorea.png,기타
애커튼테크놀로지서비스,[SK(주)C&C 자회사] Cloud/Infra부문 25년 상반기 ...,회사내규에 따름,경력2년,학력무관,,경기 성남시 분당구 등,2025-05-31,2025-04-01,D-50,https://www.work24.go.kr/wk/static/images/logo/jobkorea.png,기타
텔게이트㈜,프로그램 개발자 공고,"연봉 5,000 만원 ~ 6,000 만원",경력5년,대졸(4년),주5일,서울 영등포구,2025-04-11,2025-04-01,오늘마감,https://www.work24.go.kr/wk/static/images/logo/jobkorea.png,개발자
써브마린와이,[써브마린와이] JS/Python 개발자 (Golang 우대) 신입...,회사내규에 따름,신입/경력,학력무관,주5일,서울 강남구  등,2025-05-01,2025-04-01,D-20,https://www.work24.go.kr/wk/static/images/logo/jobkorea.png,개발자
㈜티에이치케이컴퍼니,티에이치케이컴퍼니 IT센터 앱개발자 채용,회사내규에 따름,경력4년,대졸(2~3년),주5일,서울 금천구,2025-05-01,2025-04-01,D-20,https://www.work24.go.kr/wk/static/images/logo/jobkorea.png,웹/앱 개발자
㈜에이디앤스타일,[정규직/에이전시] Java 개발자(팀장급) 채용합니다.,회사내규에 따름,경력7년,학력무관,주5일,서울 서초구,2025-04-18,2025-04-01,D-7,https://www.work24.go.kr/wk/static/images/logo/jobkorea.png,개발자
세림티에스지㈜,"[세종/대전] 디지털정부 안정적 추진기반 조성사업 DBA,WAS, ...",회사내규에 따름,경력3년,대졸(2~3년),주5일,대전 유성구  등,2025-04-25,2025-04-01,D-14,https://www.work24.go.kr/wk/static/images/logo/jobkorea.png,광고/마케팅 기술
㈜넥스트칩,2025년 4월 신입/경력 수시채용,회사내규에 따름,신입/경력,대졸(4년),,경기 성남시 분당구 등,등록일 : 2025-04-01,,채용시까지,https://www.work24.go.kr/wk/static/images/logo/jobkorea.png,기타
영성미디어㈜,"컴퓨터비젼, Computer Vision 개발",회사내규에 따름,신입/경력,학력무관,주5일,서울 송파구,2025-05-31,2025-04-01,D-50,https://www.work24.go.kr/wk/static/images/logo/jobkorea.png,기타
영성미디어㈜,"메타포트,MetterPort 개발,메타버스개발",회사내규에 따름,신입/경력,학력무관,주5일,서울 송파구,2025-05-31,2025-04-01,D-50,https://www.work24.go.kr/wk/static/images/logo/jobkorea.png,기타
㈜티맥스소프트,[Tmaxsoft] 연구본부 WAS개발 3팀,회사내규에 따름,신입/경력,대졸(4년),주5일,경기 성남시 분당구 등,2025-05-30,2025-04-01,D-49,https://www.work24.go.kr/wk/static/images/logo/jobkorea.png,기타
슈프리마,[슈프리마] AI 소프트웨어 엔지니어 모집,회사내규에 따름,신입/경력,대졸(4년),주5일,경기 성남시 분당구 등,2025-05-31,2025-04-01,D-50,https://www.work24.go.kr/wk/static/images/logo/jobkorea.png,엔지니어
지니언스(주),2025 지니언스 인재 채용,"연봉 3,400 만원 ~ 3,400 만원",신입/경력,학력무관,,경기 안양시 동안구 등,2025-04-30,2025-04-01,D-19,https://www.work24.go.kr/wk/static/images/logo/jobkorea.png,기타
라인페이플러스㈜,2025 SUMMER LINE Pay Plus 채용연계형 인턴십,회사내규에 따름,신입/경력,대졸(4년),,경기 성남시 분당구 등,2025-04-14,2025-04-01,D-3,https://www.work24.go.kr/wk/static/images/logo/jobkorea.png,기타
㈜휴비츠,㈜휴비츠 부문별 모집[신입/경력],회사내규에 따름,신입/경력,학력무관,주5일,경기 안양시 동안구 등,2025-04-30,2025-04-01,D-19,https://www.work24.go.kr/wk/static/images/logo/jobkorea.png,기타
㈜디알텍,2025년 신입 및 경력 채용,회사내규에 따름,신입/경력,고졸,,경기 성남시 분당구 등,2025-04-30,2025-04-01,D-19,https://www.work24.go.kr/wk/static/images/logo/jobkorea.png,기타
(주)네피리티,[(주)네피리티/서울] PHP 개발자(Back-End / Front...,회사내규에 따름,신입/경력,학력무관,주5일,서울 서초구,2025-05-01,2025-04-01,D-20,https://www.work24.go.kr/wk/static/images/logo/incruit.png,개발자
(주)네피리티,[(주)네피리티/제주] PHP 개발자(Back-End / Front...,회사내규에 따름,신입/경력,학력무관,주5일,제주 제주시,2025-05-01,2025-04-01,D-20,https://www.work24.go.kr/wk/static/images/logo/incruit.png,개발자
주식회사두루소프트,"소프트웨어 개발자 모십니다.(C#, .NET, MS-SQL)","연봉 4,000 만원 이상",경력3년,학력무관,주5일,경상남도 창원시 성산구,2025-05-30,2025-03-31,채용시까지,https://www.work24.go.kr/wk/static/images/logo/work24.png,개발자
주식회사 알아,숙박커뮤니티 플랫폼 (주)알아 개발자채용,월급 210 만원 ~ 230 만원,경력무관,학력무관,주5일,서울특별시 강남구 선릉로107길,2025-05-27,2025-03-31,채용시까지,https://www.work24.go.kr/wk/static/images/logo/work24.png,개발자
주식회사 잠바구니,숙박커뮤니티 플랫폼 (주)잠바구니 flutter 개발자채용,월급 210 만원 ~ 230 만원,경력무관,학력무관,주5일,서울특별시 강남구 선릉로107길,2025-05-27,2025-03-31,채용시까지,https://www.work24.go.kr/wk/static/images/logo/work24.png,개발자
주식회사 마바산업,현대자동차 협력사 (주)마바산업 풀스택 개발자 경력 채용,"연봉 2,920 만원 ~ 6,000 만원",경력5년,학력무관,주5일,서울특별시 강남구 선릉로157길,2025-05-27,2025-03-31,D-46,https://www.work24.go.kr/wk/static/images/logo/work24.png,웹/앱 개발자
㈜메타엠,[메타엠]기업부설연구소 AICC 개발실 개발자 채용,회사내규에 따름,경력,학력무관,주5일,서울 중구,2025-04-30,2025-03-31,D-19,https://www.work24.go.kr/wk/static/images/logo/jobkorea.png,개발자
주식회사 엠피씨플러스,[정규직] IT 솔루션 영업담당자(경력) 채용,회사내규에 따름,경력3년,학력무관,주5일,서울 영등포구  등,2025-04-16,2025-03-31,D-5,https://www.work24.go.kr/wk/static/images/logo/jobkorea.png,솔루션 영업/기술영업
잡코리아(유),[잡코리아] FE개발 (부산),회사내규에 따름,경력2년,학력무관,,부산 연제구,2025-04-20,2025-03-31,D-9,https://www.work24.go.kr/wk/static/images/logo/jobkorea.png,웹 개발자
주식회사 에듀바다,에듀바다 소프트웨어 개발자,월급 210 만원 ~ 250 만원,신입,학력무관,주5일,강원특별자치도 원주시 상지대길,2025-05-29,2025-03-31,채용시까지,https://www.work24.go.kr/wk/static/images/logo/work24.png,개발자
(주) 플렛디스,소프트웨어엔지니어 모집,"연봉 4,000 만원 이상",경력3년,학력무관,주5일,경상남도 창원시 진해구,2025-04-30,2025-03-31,D-19,https://www.work24.go.kr/wk/static/images/logo/work24.png,엔지니어
매니스탈링스(MANY STALLINGS),2025 비전 AI 단시간근로자 신입 공개채용,"시급 15,000 원 ~ 15,000 원",신입,학력무관,주5일,경기도 안양시 동안구,2025-04-11,2025-03-31,오늘마감,https://www.work24.go.kr/wk/static/images/logo/work24.png,기타
한미약품그룹,2025년 한미그룹 4월 수시채용 [각 부문별],회사내규에 따름,신입/경력,고졸,,서울 송파구  등,2025-04-13,2025-03-31,D-2,https://www.work24.go.kr/wk/static/images/logo/jobkorea.png,기타
에이케이아이에스㈜,[애경그룹] AK아이에스 SAP 구축 및 운영 경력 모집,회사내규에 따름,경력4년,대졸(4년),,서울 마포구,2025-04-30,2025-03-31,D-19,https://www.work24.go.kr/wk/static/images/logo/jobkorea.png,기타
㈜에스엠코어,"(주)에스엠코어 SI 팀 담당자(Unreal, Unity, Jave...",회사내규에 따름,신입/경력,대졸(4년),주5일,서울 중구,2025-05-30,2025-03-31,D-49,https://www.work24.go.kr/wk/static/images/logo/jobkorea.png,기타
㈜쏘프,[쏘프 대전지사] 정규/경력직 채용 모집 (풀스텍 웹 개발자),회사내규에 따름,경력5년,학력무관,주5일,대전 중구,2025-04-30,2025-03-31,D-19,https://www.work24.go.kr/wk/static/images/logo/jobkorea.png,개발자
씨제이푸드빌(주),[CJ푸드빌] 디지털서비스 APP 개발자 (5년 이상),회사내규에 따름,경력5년,대졸(4년),,서울 중구,2025-04-14,2025-03-31,D-3,https://www.work24.go.kr/wk/static/images/logo/incruit.png,개발자
㈜꼬망세미디어,웹개발자 모십니다.,회사내규에 따름,경력3년,대졸(4년),주5일,서울 강남구,2025-04-30,2025-03-31,D-19,https://www.work24.go.kr/wk/static/images/logo/jobkorea.png,웹/앱 개발자
㈜소만사,IT 보안 관리자 채용,회사내규에 따름,경력2년,대졸(2~3년),주5일,경기 성남시 수정구 등,2025-04-13,2025-03-31,D-2,https://www.work24.go.kr/wk/static/images/logo/jobkorea.png,보안 엔지니어
㈜비전아이티,웹 개발자 모십니다.,"연봉 4,000 만원 ~ 7,000 만원",경력5년,학력무관,주5일,울산 중구,2025-04-30,2025-03-31,D-19,https://www.work24.go.kr/wk/static/images/logo/jobkorea.png,개발자
(주)거룡아이티,"[일자리매칭플랫폼] WEB, JAVA 프로그램 개발자 채용공고",회사내규에 따름,경력3년,학력무관,,경기 고양시 덕양구 등,2025-05-30,2025-03-31,D-49,https://www.work24.go.kr/wk/static/images/logo/kosme.png,개발자
㈜커넥트웨이브,[커넥트웨이브] 메이크샵 개발 직군 채용,회사내규에 따름,신입/경력,학력무관,주5일,서울 금천구,2025-05-01,2025-03-31,D-20,https://www.work24.go.kr/wk/static/images/logo/jobkorea.png,기타
위쉬정보기술㈜,명동 교보생명 java pro-c,회사내규에 따름,경력무관,학력무관,주5일,서울 구로구,2025-04-30,2025-03-31,D-19,https://www.work24.go.kr/wk/static/images/logo/jobkorea.png,웹 개발자
㈜소프트베이스,2025년 상반기 소프트베이스 경력사원 채용,회사내규에 따름,경력5년,학력무관,,서울 구로구  등,2025-04-30,2025-03-31,D-19,https://www.work24.go.kr/wk/static/images/logo/jobkorea.png,기타
㈜케이디에듀,"IT 관련, 코딩교육 콘텐츠 개발",회사내규에 따름,경력2년,대졸(4년),주5일,서울 강서구  등,2025-04-30,2025-03-31,D-19,https://www.work24.go.kr/wk/static/images/logo/jobkorea.png,기타
위쉬정보기술㈜,"구로 LGU 익시오 운영SM (쿠버네티스, python)",회사내규에 따름,경력무관,학력무관,주5일,서울 구로구,2025-04-30,2025-03-31,D-19,https://www.work24.go.kr/wk/static/images/logo/jobkorea.png,기타
쇼엠,[(주)쇼엠] 파이썬 개발자 정규직 사원 채용,회사내규에 따름,경력무관,학력무관,주5일,인천 연수구  등,2025-04-30,2025-03-31,D-19,https://www.work24.go.kr/wk/static/images/logo/jobkorea.png,개발자
콘센트릭스서비스코리아(유),2025년 상반기 Catalyst 테크직군 (개발/기획) 장애인 채...,회사내규에 따름,경력1년,학력무관,주5일,서울 용산구,2025-04-30,2025-03-31,D-19,https://www.work24.go.kr/wk/static/images/logo/jobkorea.png,기획/PM
주봉정보시스템㈜,주봉정보시스템(주) 신입(경력)채용(디지털사이니지 솔루션지원팀. L...,회사내규에 따름,경력1년,학력무관,주5일,서울 강남구  등,2025-05-28,2025-03-31,D-47,https://www.work24.go.kr/wk/static/images/logo/jobkorea.png,광고/마케팅 기술
㈜제로백데브,프론트엔드 개발자 채용,회사내규에 따름,경력5년,학력무관,주5일,서울 동작구,2025-04-29,2025-03-30,D-18,https://www.work24.go.kr/wk/static/images/logo/jobkorea.png,웹/앱 개발자
(주)담소프트,웹개발자 모집합니다 (PHP 개발자 우대),"연봉 3,000 만원 ~ 4,800 만원",신입,학력무관,주5일,충청북도 청주시 상당구,2025-05-27,2025-03-28,채용시까지,https://www.work24.go.kr/wk/static/images/logo/work24.png,웹/앱 개발자
주식회사 에그텍,기술연구소 PC 응용 소프트웨어 개발자 모집,월급 240 만원 ~ 300 만원,경력무관,학력무관,주5일,대전광역시 유성구 국제과학21로,2025-05-27,2025-03-28,채용시까지,https://www.work24.go.kr/wk/static/images/logo/work24.png,개발자
㈜신세계아이앤씨,[25년 2분기] 정보보안 인재모집,회사내규에 따름,경력,학력무관,,서울 중구  등,2025-04-13,2025-03-28,D-2,https://www.work24.go.kr/wk/static/images/logo/jobkorea.png,보안담당자
(사)한국근로장애인진흥회 양지기전사업단,[양지기전사업단] 자동제어/수배전반 기술직 모집,"연봉 4,000 만원 ~ 8,000 만원",경력3년,학력무관,주5일,경상북도 울진군 평해읍,2025-04-30,2025-03-28,D-19,https://www.work24.go.kr/wk/static/images/logo/work24.png,기타
㈜스냅컴퍼니,[스냅컴퍼니] 웹솔루션 프론트엔드 개발자 모집,회사내규에 따름,경력무관,학력무관,주5일,서울 강남구,등록일 : 2025-03-28,,채용시까지,https://www.work24.go.kr/wk/static/images/logo/jobkorea.png,웹/앱 개발자
㈜에이알티플러스,플랫폼 SI 소프트웨어 개발 PL 모집,회사내규에 따름,경력10년,대졸(4년),주5일,경기 하남시,2025-04-27,2025-03-28,D-16,https://www.work24.go.kr/wk/static/images/logo/jobkorea.png,기타
(주)포에스텍,백앤드/프론트앤드 자바 개발자,"연봉 3,400 만원 ~ 6,000 만원",경력2년,대졸(4년),주5일,서울 성동구,등록일 : 2025-03-28,,채용시까지,https://www.work24.go.kr/wk/static/images/logo/incruit.png,개발자
에이아이티스토리㈜,에이아이티스토리 개발자 경력 채용 (웹개발 / AI / 퍼블리셔),회사내규에 따름,경력2년,대졸(4년),주5일,서울 마포구  등,등록일 : 2025-03-28,,채용시까지,https://www.work24.go.kr/wk/static/images/logo/jobkorea.png,개발자
㈜선명씨앤피,"UI/UX 퍼블리셔 신입, 경력 채용","연봉 3,000 만원 ~ 5,000 만원",신입/경력,대졸(2~3년),주5일,경기 파주시  등,2025-04-27,2025-03-28,D-16,https://www.work24.go.kr/wk/static/images/logo/jobkorea.png,기타
쿤텍㈜,SW 공급망 보안 관리 솔루션 설계/개발자 채용 공고의 건(경력),회사내규에 따름,경력7년,학력무관,주5일,경기 성남시 수정구 등,2025-05-27,2025-03-28,D-46,https://www.work24.go.kr/wk/static/images/logo/jobkorea.png,개발자
위쉬정보기술㈜,여의도 삼성증권 PM 모집,회사내규에 따름,경력무관,학력무관,주5일,서울 구로구,2025-04-27,2025-03-28,D-16,https://www.work24.go.kr/wk/static/images/logo/jobkorea.png,기획/PM
㈜배럴아이,SW Back-end 개발자(의료 영상처리 / 온프레미스 시스템) ...,회사내규에 따름,경력3년,대졸(4년),주5일,서울 강남구  등,2025-04-27,2025-03-28,D-16,https://www.work24.go.kr/wk/static/images/logo/jobkorea.png,개발자
㈜디파이,[DFZ] 프론트엔드 개발자 경력 채용,회사내규에 따름,경력3년,학력무관,주5일,서울 강남구,등록일 : 2025-03-28,,채용시까지,https://www.work24.go.kr/wk/static/images/logo/jobkorea.png,웹/앱 개발자
하워드랩(주),[일자리매칭플랫폼] 하워드랩(주) 정규직 연구개발자(PCB 아트워킹...,회사내규에 따름,경력2년,학력무관,,충북 청주시 청원구 등,2025-04-27,2025-03-28,D-16,https://www.work24.go.kr/wk/static/images/logo/kosme.png,개발자
테크앤아이코리아주식회사,"프론트엔드, 하이브리드 앱, JAVA 개발자(프래임웍기반)를 구합니...","연봉 2,520 만원 ~ 3,000 만원",경력무관,학력무관,주5일,서울특별시 영등포구 선유로3길,2025-05-26,2025-03-27,채용시까지,https://www.work24.go.kr/wk/static/images/logo/work24.png,웹/앱 개발자
주식회사 에프엠케이(FMK INC.),소프트웨어 개발자 모집,월급 209 만원 이상,신입,"대졸(4년)
														 ~ 석사",주5일,경상북도 구미시 대학로,2025-05-26,2025-03-27,채용시까지,https://www.work24.go.kr/wk/static/images/logo/work24.png,개발자
주식회사제주속으로,PHP 프로그래머 경력자 채용 공고,"연봉 3,000 만원 ~ 5,000 만원",경력1년,학력무관,주5일,제주특별자치도 제주시 용담로,2025-05-26,2025-03-27,채용시까지,https://www.work24.go.kr/wk/static/images/logo/work24.png,기타
(주)씨이랩,AI Multi Modal 개발자 채용,"연봉 3,000 만원 이상",경력무관,학력무관,주5일,서울특별시 강남구 언주로,2025-05-26,2025-03-27,채용시까지,https://www.work24.go.kr/wk/static/images/logo/work24.png,개발자
㈜엔소프트웨어,[경력직] SW 유지 보수 경력(5년 이상) 채용,"연봉 5,000 만원 ~ 5,000 만원",경력5년,대졸(4년),주5일,서울 강남구  등,2025-04-30,2025-03-27,D-19,https://www.work24.go.kr/wk/static/images/logo/jobkorea.png,기타
㈜이도,(주)YIDO 웹개발자(PM) 채용 (과-차장급),회사내규에 따름,경력8년,대졸(2~3년),주5일,서울 중구,2025-04-26,2025-03-27,D-15,https://www.work24.go.kr/wk/static/images/logo/jobkorea.png,웹/앱 개발자
주식회사 우진이엔에스,산업 IOT 및 AI 연동 소프트웨어 플랫폼 개발자/프로그래머 신입...,"연봉 2,800 만원 ~ 4,000 만원",경력1년,학력무관,주5일,전북특별자치도 완주군 오공로,2025-04-14,2025-03-27,D-3,https://www.work24.go.kr/wk/static/images/logo/work24.png,개발자
㈜동양이엠에스,[금천/ 일 4시간 근무]대기업 자사몰 웹퍼블리셔 채용,회사내규에 따름,경력3년,학력무관,주5일,서울 금천구,2025-04-26,2025-03-27,D-15,https://www.work24.go.kr/wk/static/images/logo/jobkorea.png,기타
㈜다인리더스,(주)다인리더스 유니티 클라이언트 개발자 경력 채용,회사내규에 따름,경력3년,대졸(2~3년),주5일,서울 성동구,등록일 : 2025-03-27,,채용시까지,https://www.work24.go.kr/wk/static/images/logo/jobkorea.png,개발자
㈜한스웰,C# .NET 개발자 5년이상 경력직 채용 (백엔드 개발분야),회사내규에 따름,경력5년,대졸(2~3년),주5일,서울 금천구  등,2025-04-26,2025-03-27,D-15,https://www.work24.go.kr/wk/static/images/logo/jobkorea.png,웹/앱 개발자
와이즈와이어즈㈜,[와이즈와이어즈] 소프트웨어테스트엔지니어(SQA) 신입/경력직 채용,회사내규에 따름,신입/경력,대졸(2~3년),주5일,서울 성동구,2025-04-14,2025-03-27,D-3,https://www.work24.go.kr/wk/static/images/logo/jobkorea.png,엔지니어
와이즈와이어즈㈜,[와이즈와이어즈] 글로벌 사업부 소프트웨어테스트엔지니어(SQA)  ...,회사내규에 따름,경력2년,대졸(2~3년),주5일,서울 성동구,2025-04-14,2025-03-27,D-3,https://www.work24.go.kr/wk/static/images/logo/jobkorea.png,엔지니어
㈜이도,(주)YIDO 웹기획자 채용 (대리-과장급),회사내규에 따름,경력4년,대졸(2~3년),주5일,서울 중구,2025-04-26,2025-03-27,D-15,https://www.work24.go.kr/wk/static/images/logo/jobkorea.png,기획/PM
㈜엔에스텍,시스템/응용 프로그래머 채용,회사내규에 따름,경력3년,대졸(2~3년),주5일,서울 강남구,2025-04-30,2025-03-27,D-19,https://www.work24.go.kr/wk/static/images/logo/jobkorea.png,기타
㈜카스,(주) 카스 산업용 계측기 개발 팀원 모집,"연봉 3,500 만원 ~ 3,500 만원",신입/경력,대졸(2~3년),주5일,경기 양주시,2025-05-26,2025-03-27,D-45,https://www.work24.go.kr/wk/static/images/logo/jobkorea.png,기타
(주)지지옥션,(주)지지옥션 데이터랩과 함께할 동료를 모집합니다.,"연봉 3,700 만원 ~ 3,700 만원",경력1년,학력무관,주5일,서울특별시 용산구 청파로49길,2025-05-25,2025-03-26,채용시까지,https://www.work24.go.kr/wk/static/images/logo/work24.png,기타
이비티 주식회사,2025년 상반기 기업부설연구소 직원 공개모집,"연봉 3,000 만원 ~ 6,000 만원",경력2년,학력무관,주5일,경기도 성남시 수정구,2025-05-25,2025-03-26,채용시까지,https://www.work24.go.kr/wk/static/images/logo/work24.png,해외법인/글로벌 운영지원
㈜어셔어학원,어셔어학원 프로그래머 구인,"연봉 3,500 만원 ~ 3,500 만원",경력1년,학력무관,주5일,서울 서초구,2025-05-25,2025-03-26,D-44,https://www.work24.go.kr/wk/static/images/logo/jobkorea.png,기타
에이스메디칼㈜,"사업.전략기획/영업/품질보증/품질관리/연구소(F/W,H/W)/구매자...",회사내규에 따름,신입/경력,대졸(2~3년),주5일,서울 강동구  등,2025-04-25,2025-03-26,D-14,https://www.work24.go.kr/wk/static/images/logo/jobkorea.png,기획/PM
㈜드림텍,(주)드림텍 2025년 2분기 연구·개발부문 채용,회사내규에 따름,경력3년,대졸(4년),,충남 아산시  등,2025-04-13,2025-03-26,D-2,https://www.work24.go.kr/wk/static/images/logo/jobkorea.png,기타
㈜ 코리아캐슬,사이트 제작 기획 및 진행 관리자 채용 Junior Middle 가...,월급 230 만원 ~ 230 만원,경력무관,학력무관,주5일,서울 용산구,2025-04-25,2025-03-26,D-14,https://www.work24.go.kr/wk/static/images/logo/jobkorea.png,기획/PM
엔큐리티㈜,[IT정보보안] 개발/기획QC/GUI디자이너 경력 채용,회사내규에 따름,경력3년,학력무관,주5일,경기 성남시 분당구 등,2025-04-25,2025-03-26,D-14,https://www.work24.go.kr/wk/static/images/logo/jobkorea.png,기획/PM
㈜이노피아테크,임베디드 S/W개발자 채용,회사내규에 따름,신입/경력,고졸,주5일,경기 성남시 중원구 등,2025-04-25,2025-03-26,D-14,https://www.work24.go.kr/wk/static/images/logo/jobkorea.png,기타 개발자
㈜제니엘,[한화시스템/데이터센터/파견] 클라우드 인프라 운영 담당자 채용,회사내규에 따름,경력,학력무관,주5일,경기 용인시 수지구 등,2025-04-25,2025-03-26,D-14,https://www.work24.go.kr/wk/static/images/logo/jobkorea.png,기타
㈜스냅컴퍼니,[스냅컴퍼니] 스킨팀 퍼블리셔 채용 모집 공고,회사내규에 따름,경력,학력무관,주5일,서울 강남구,등록일 : 2025-03-26,,채용시까지,https://www.work24.go.kr/wk/static/images/logo/jobkorea.png,기타
우리에프아이에스㈜,미들웨어 운영 경력 채용,회사내규에 따름,경력2년,학력무관,주5일,서울 마포구,2025-04-30,2025-03-26,D-19,https://www.work24.go.kr/wk/static/images/logo/jobkorea.png,기타
㈜보배네트워크,[보배드림] 모바일/웹 기획자 채용,"연봉 4,800 만원 ~ 6,000 만원",경력3년,학력무관,주5일,서울 양천구,2025-04-25,2025-03-26,D-14,https://www.work24.go.kr/wk/static/images/logo/jobkorea.png,기획/PM
(주)지성이엔지,소프트웨이 연구원 모집합니다,"연봉 3,000 만원 ~ 5,000 만원",경력1년,"대졸(2~3년)
														 ~ 석사",주5일,경상북도 경주시 승삼신리길,2025-04-19,2025-03-25,D-8,https://www.work24.go.kr/wk/static/images/logo/work24.png,연구원
(주)소암컨설턴트,개발자(응용소프트웨어),"연봉 2,800 만원 ~ 3,800 만원",경력2년,"대졸(2~3년)
														 ~ 석사",주5일,대전광역시 유성구 테크노5로,2025-04-15,2025-03-25,채용시까지,https://www.work24.go.kr/wk/static/images/logo/work24.png,개발자
㈜엠아이티마스,[죽전] 대형보험사 WAS 운영관리,회사내규에 따름,경력1년,대졸(2~3년),주5일,경기 용인시 수지구 등,2025-04-24,2025-03-25,D-13,https://www.work24.go.kr/wk/static/images/logo/jobkorea.png,기타
경신홀딩스,2025년 부문별 신입/경력채용,회사내규에 따름,신입/경력,"대졸예정(4년)
														 ~ 박사",,인천 연수구  등,2025-04-12,2025-03-25,D-1,https://www.work24.go.kr/wk/static/images/logo/openRecruit.png,기타
(주)코리안프렌즈,패션테크 기업에서 기업부설연구소 R&D 연구원 모집합니다. ...,"연봉 3,600 만원 ~ 4,800 만원",경력무관,"석사
														 ~ 박사",주5일,서울특별시 금천구 서부샛길,2025-05-24,2025-03-25,채용시까지,https://www.work24.go.kr/wk/static/images/logo/work24.png,연구원
유비퍼스트대원,2025년 부문별 경력사원 모집,회사내규에 따름,경력,학력무관,,경기 성남시 수정구 등,2025-05-24,2025-03-25,D-43,https://www.work24.go.kr/wk/static/images/logo/jobkorea.png,기타
넛지헬스케어㈜,[캐시워크-병역특례] iOS개발 산업기능요원,회사내규에 따름,경력무관,학력무관,주5일,서울 강남구,2025-04-24,2025-03-25,D-13,https://www.work24.go.kr/wk/static/images/logo/jobkorea.png,앱 개발자
㈜레진엔터테인먼트,[다우키움 계열사] 데이터 엔지니어 (경력),회사내규에 따름,경력3년,학력무관,주5일,서울 성동구,2025-04-24,2025-03-25,D-13,https://www.work24.go.kr/wk/static/images/logo/jobkorea.png,엔지니어
㈜레진엔터테인먼트,[다우키움계열사] 레진코믹스 백엔드 개발자 (경력),회사내규에 따름,경력3년,학력무관,주5일,서울 성동구,2025-04-24,2025-03-25,D-13,https://www.work24.go.kr/wk/static/images/logo/jobkorea.png,웹/앱 개발자
넛지헬스케어㈜,[캐시워크-병역특례] 백엔드개발 산업기능요원,회사내규에 따름,경력무관,학력무관,주5일,서울 강남구,2025-04-24,2025-03-25,D-13,https://www.work24.go.kr/wk/static/images/logo/jobkorea.png,웹/앱 개발자
넛지헬스케어㈜,[캐시워크] 프론트엔드개발 채용전환형 인턴,회사내규에 따름,경력무관,대졸(4년),주5일,서울 강남구,2025-04-24,2025-03-25,D-13,https://www.work24.go.kr/wk/static/images/logo/jobkorea.png,웹/앱 개발자
넛지헬스케어㈜,[캐시워크] 백엔드개발 채용전환형 인턴,회사내규에 따름,경력무관,학력무관,주5일,서울 강남구,2025-04-24,2025-03-25,D-13,https://www.work24.go.kr/wk/static/images/logo/jobkorea.png,웹/앱 개발자
넛지헬스케어㈜,[캐시워크] 안드로이드개발 채용전환형 인턴,회사내규에 따름,경력무관,학력무관,주5일,서울 강남구,2025-04-24,2025-03-25,D-13,https://www.work24.go.kr/wk/static/images/logo/jobkorea.png,앱 개발자
넛지헬스케어㈜,[캐시워크] Flutter개발 채용전환형 인턴,회사내규에 따름,경력무관,학력무관,주5일,서울 강남구,2025-04-24,2025-03-25,D-13,https://www.work24.go.kr/wk/static/images/logo/jobkorea.png,기타
㈜파미유,[영업/상품MD/IT 전산관리/구매자재/재무회계] 각 부문 채용,회사내규에 따름,경력,학력무관,주5일,경기 파주시  등,2025-04-11,2025-03-25,오늘마감,https://www.work24.go.kr/wk/static/images/logo/jobkorea.png,시스템 운영
㈜엔소프트웨어,[경력직] Software Development 경력(2년 이상) ...,"연봉 3,000 만원 ~ 4,000 만원",경력2년,대졸(4년),주5일,서울 강남구  등,2025-04-24,2025-03-25,D-13,https://www.work24.go.kr/wk/static/images/logo/jobkorea.png,기획/PM
㈜엠아이티마스,[안양/금융권] 서비스 배포 및 반영,회사내규에 따름,경력무관,대졸(2~3년),주5일,경기 안양시 동안구 등,2025-04-24,2025-03-25,D-13,https://www.work24.go.kr/wk/static/images/logo/jobkorea.png,기타
㈜유니온커뮤니티,2025년 (주)유니온커뮤니티 R&D 부문 경력직 채용,회사내규에 따름,경력3년,학력무관,주5일,서울 송파구,2025-05-24,2025-03-25,D-43,https://www.work24.go.kr/wk/static/images/logo/jobkorea.png,기타
㈜트러스트에이엔씨,(주)트러스트에이엔씨 자동창고 시스템 S/W 개발 기술직 모집합니다...,회사내규에 따름,경력2년,대졸(2~3년),주5일,서울 강서구,2025-04-24,2025-03-25,D-13,https://www.work24.go.kr/wk/static/images/logo/jobkorea.png,기타
(주)플래티어,[ECS사업부문] 이커머스 플랫폼 개발자 (주임급 이상),회사내규에 따름,경력2년,학력무관,주5일,서울 송파구,등록일 : 2025-03-25,,채용시까지,https://www.work24.go.kr/wk/static/images/logo/incruit.png,개발자
위쉬정보기술㈜,상암 통신사 메세징서비스 운영 vue,회사내규에 따름,경력무관,학력무관,주5일,서울 구로구,2025-04-24,2025-03-25,D-13,https://www.work24.go.kr/wk/static/images/logo/jobkorea.png,기타
㈜티맥스소프트,"[TmaxSoft] 연구본부 FW 개발자 (FW개발1,4팀)",회사내규에 따름,경력2년,대졸(4년),주5일,경기 성남시 분당구 등,2025-05-24,2025-03-25,D-43,https://www.work24.go.kr/wk/static/images/logo/jobkorea.png,개발자
주식회사 케어비즈,(주)케어비즈 - 웹 개발자(java) 경력사원 채용 공고(정규직/...,"연봉 5,000 만원 이상",경력4년,"대졸(2~3년)
														 ~ 박사",주5일,서울특별시 성동구 아차산로17길,2025-04-16,2025-03-24,D-5,https://www.work24.go.kr/wk/static/images/logo/work24.png,개발자
(주)우리요,[IT기업] 안드로이드 개발자 채용,"연봉 3,500 만원 ~ 6,000 만원",경력3년,학력무관,주5일,전북특별자치도 전주시 완산구,2025-05-22,2025-03-24,채용시까지,https://www.work24.go.kr/wk/static/images/logo/work24.png,개발자
(주)대호아이앤티,부설연구소 -  소프트웨어 개발자 모집,"연봉 3,000 만원 ~ 4,000 만원",경력무관,학력무관,주5일,경상남도 창원시 마산회원구,2025-04-24,2025-03-24,D-13,https://www.work24.go.kr/wk/static/images/logo/work24.png,개발자
주식회사 비에스,"C#, Unity SW개발자 채용 [경력]","연봉 3,000 만원 이상",경력3년,"대졸(4년)
														 ~ 박사",주5일,경상북도 포항시 북구,2025-04-14,2025-03-24,D-3,https://www.work24.go.kr/wk/static/images/logo/work24.png,기타 개발자
주식회사 제이원소프트,공장자동화 S/W 개발자 모집,"연봉 3,100 만원 ~ 3,500 만원",경력무관,"고졸
														 ~ 대졸(4년)",주5일,경기도 용인시 기흥구,2025-05-20,2025-03-24,D-39,https://www.work24.go.kr/wk/static/images/logo/work24.png,개발자
크레신㈜,"SW(공정SW), 무선충전 개발, 품질보증 채용",회사내규에 따름,신입/경력,학력무관,주5일,서울 서초구  등,등록일 : 2025-03-24,,채용시까지,https://www.work24.go.kr/wk/static/images/logo/jobkorea.png,QA/품질관리
주식회사 브리,프리랜서 웹 프론트앤드 개발자 구인,"시급 14,000 원 ~ 14,000 원",경력무관,대졸(4년),,서울특별시 관악구 조원로,2025-05-23,2025-03-24,채용시까지,https://www.work24.go.kr/wk/static/images/logo/work24.png,개발자
주식회사 하티웍스 (Heartyworks Inc.),[정규직/경력] 기술사업팀 백엔드 개발/기술PM 모집,"연봉 6,000 만원 이상",경력3년,학력무관,주5일,서울특별시 구로구 디지털로,2025-04-20,2025-03-24,D-9,https://www.work24.go.kr/wk/static/images/logo/work24.png,웹/앱 개발자
주식회사 하티웍스 (Heartyworks Inc.),[정규직/장애인 채용] 기술사업팀 백엔드 개발자,"연봉 3,000 만원 이상",신입,학력무관,주5일,서울특별시 구로구 디지털로,2025-04-20,2025-03-24,D-9,https://www.work24.go.kr/wk/static/images/logo/work24.png,웹/앱 개발자
딱플 주식회사(DDAKPLE),[딱플] 개발팀 백엔드/서버 개발자 경력직 채용,회사내규에 따름,경력5년,대졸(4년),주5일,충남 천안시 서북구 등,등록일 : 2025-03-24,,채용시까지,https://www.work24.go.kr/wk/static/images/logo/incruit.png,웹/앱 개발자
㈜케이엠에스,(주)케이엠에스 정보처리 및 정보통신분야(기사자격증) 직원 채용,"연봉 3,200 만원 ~ 4,300 만원",신입/경력,대졸(4년),주5일,인천 서구,2025-04-30,2025-03-24,D-19,https://www.work24.go.kr/wk/static/images/logo/jobkorea.png,기타
㈜펄어비스,[펄어비스] 게임 엔진 프로그래머 모집,회사내규에 따름,경력2년,학력무관,주5일,경기 과천시,2025-05-23,2025-03-24,D-42,https://www.work24.go.kr/wk/static/images/logo/jobkorea.png,기타
㈜펄어비스,[펄어비스] 게임 플레이 프로그래머 모집,회사내규에 따름,경력3년,학력무관,주5일,경기 과천시,2025-05-23,2025-03-24,D-42,https://www.work24.go.kr/wk/static/images/logo/jobkorea.png,기타
㈜이터널,[S/W개발본부] React Native 모바일 앱 개발 담당자 모...,회사내규에 따름,경력3년,학력무관,주5일,서울 송파구,2025-05-23,2025-03-24,D-42,https://www.work24.go.kr/wk/static/images/logo/jobkorea.png,앱 개발자
광명산업㈜,광명산업(주) 전산팀 경력직 채용 공고,회사내규에 따름,경력2년,대졸(4년),주5일,경기 광명시,2025-04-23,2025-03-24,D-12,https://www.work24.go.kr/wk/static/images/logo/jobkorea.png,시스템 운영
㈜수산아이앤티,수산INT 개발직군 채용(신입/경력/병역특례),회사내규에 따름,신입/경력,대졸(4년),주5일,대전 서구  등,2025-05-23,2025-03-24,D-42,https://www.work24.go.kr/wk/static/images/logo/jobkorea.png,기타
㈜애쇼,㈜애쇼 부문별(홍보/상품기획/전산운영/지점개발/구매/차량정비시스템)...,"연봉 4,800 만원 ~ 4,800 만원",경력,대졸(4년),주5일,경기 안산시 단원구 등,2025-04-23,2025-03-24,D-12,https://www.work24.go.kr/wk/static/images/logo/jobkorea.png,시스템 운영
가온플랫폼주식회사,[일자리매칭플랫폼] [가온플랫폼(주)] 소프트웨어(S/W) 개발자 ...,회사내규에 따름,신입/경력1년,대졸(4년),,대전 유성구,2025-05-18,2025-03-24,D-37,https://www.work24.go.kr/wk/static/images/logo/kosme.png,개발자
㈜엠플라인,[성수/코드모바일/보안] 정보보호 담당자 채용,회사내규에 따름,경력,대졸(2~3년),주5일,서울 성동구  등,2025-05-21,2025-03-23,D-40,https://www.work24.go.kr/wk/static/images/logo/jobkorea.png,보안담당자
㈜엔지아커넥트,방위 산업 분야의 소프트웨어 개발자 채용,"연봉 4,500 만원 ~ 4,500 만원",경력,대졸(4년),주5일,서울 금천구,등록일 : 2025-03-23,,채용시까지,https://www.work24.go.kr/wk/static/images/logo/jobkorea.png,개발자
㈜바이오컴,[AI 헬스케어] 소프트웨어 개발자 채용,회사내규에 따름,경력5년,대졸(4년),주5일,서울 강서구,2025-04-21,2025-03-22,D-10,https://www.work24.go.kr/wk/static/images/logo/jobkorea.png,개발자
(주)토탈소프트뱅크,[2025.3.28.(금) 부산권 대학과 함께 하는 DREAM ON...,"연봉 2,800 만원 ~ 3,000 만원",경력무관,"대졸(2~3년)
														 ~ 대졸(4년)",주5일,부산광역시 해운대구 반송로513번길,2025-05-20,2025-03-21,D-39,https://www.work24.go.kr/wk/static/images/logo/work24.png,기타
주식회사 시스커스,프로그래머 개발자 모집,"연봉 3,500 만원 이상",경력2년,학력무관,주5일,경기도 화성시 동탄대로23길,2025-05-19,2025-03-21,채용시까지,https://www.work24.go.kr/wk/static/images/logo/work24.png,개발자
㈜오성정보통신,[공공기관] IPT 시스템 및 네트워크 엔지니어/상주 전송망 엔지니...,회사내규에 따름,신입/경력,학력무관,주5일,광주 광산구  등,2025-04-20,2025-03-21,D-9,https://www.work24.go.kr/wk/static/images/logo/jobkorea.png,엔지니어
주식회사다올앤컴퍼니,JAVA 개발자 초중급 인재 모십니다.,"연봉 2,600 만원 ~ 3,600 만원",경력무관,학력무관,주5일,서울특별시 강서구 마곡중앙4로,2025-05-19,2025-03-21,채용시까지,https://www.work24.go.kr/wk/static/images/logo/work24.png,개발자
JMP코리아,[정보보안 / ISMS] 코드모바일 정보보호팀 경력직 채용,"연봉 2,800 만원 ~ 4,000 만원",경력무관,학력무관,주5일,서울 성동구,2025-04-20,2025-03-21,D-9,https://www.work24.go.kr/wk/static/images/logo/jobkorea.png,보안담당자
리파인,각 부문별 신입/경력 채용공고,회사내규에 따름,신입/경력,대졸(2~3년),주5일,서울 송파구,2025-04-25,2025-03-21,D-14,https://www.work24.go.kr/wk/static/images/logo/jobkorea.png,기타
키다리스튜디오,[다우키움 계열사] 프론트엔드 웹 개발자 (경력),회사내규에 따름,경력8년,대졸(4년),주5일,서울 성동구,2025-04-21,2025-03-21,D-10,https://www.work24.go.kr/wk/static/images/logo/jobkorea.png,웹/앱 개발자
키다리스튜디오,[다우키움 계열사] 웹툰 플랫폼 안드로이드 개발 (경력),회사내규에 따름,경력7년,학력무관,주5일,서울 성동구,2025-04-21,2025-03-21,D-10,https://www.work24.go.kr/wk/static/images/logo/jobkorea.png,앱 개발자
키다리스튜디오,[다우키움 계열사] 웹툰 플랫폼 백엔드 개발자 (경력),회사내규에 따름,경력3년,학력무관,주5일,서울 성동구,2025-04-21,2025-03-21,D-10,https://www.work24.go.kr/wk/static/images/logo/jobkorea.png,웹/앱 개발자
키다리스튜디오,[다우키움 계열사] DevOps 개발자 (경력),회사내규에 따름,경력6년,학력무관,주5일,서울 성동구,2025-04-21,2025-03-21,D-10,https://www.work24.go.kr/wk/static/images/logo/jobkorea.png,개발자
키다리스튜디오,[다우키움 계열사] 웹툰 매출/정산 시스템 개발자(Vue/React...,회사내규에 따름,경력5년,대졸(4년),주5일,서울 성동구,2025-04-21,2025-03-21,D-10,https://www.work24.go.kr/wk/static/images/logo/jobkorea.png,개발자
키다리스튜디오,[다우키움 계열사] 웹툰 콘텐츠관리 시스템 개발자(Java/Spri...,회사내규에 따름,경력9년,대졸(4년),주5일,서울 성동구,2025-04-21,2025-03-21,D-10,https://www.work24.go.kr/wk/static/images/logo/jobkorea.png,개발자
넛지헬스케어㈜,[캐시워크] 백엔드/서버 개발자,회사내규에 따름,경력3년,대졸(2~3년),주5일,서울 강남구,2025-04-20,2025-03-21,D-9,https://www.work24.go.kr/wk/static/images/logo/jobkorea.png,웹/앱 개발자
비앤오소프트(주),"[일자리매칭플랫폼] Java 개발자 (통신사, 보험사, 제조사 등 ...",회사내규에 따름,경력3년,학력무관,,서울 강서구  등,2025-05-20,2025-03-21,D-39,https://www.work24.go.kr/wk/static/images/logo/kosme.png,개발자
유징테크주식회사,"응용소프트웨어 설계 및 개발자(C계열,인공지능) 모집",월급 250 만원 이상,경력무관,학력무관,주5일,경상북도 포항시 남구,2025-05-19,2025-03-20,채용시까지,https://www.work24.go.kr/wk/static/images/logo/work24.png,개발자
(주)캔탑스,임베디드 시스템 소프트웨어 개발자 모집(경력),"연봉 3,000 만원 ~ 6,000 만원",경력2년,학력무관,주5일,경기도 수원시 영통구,2025-05-19,2025-03-20,채용시까지,https://www.work24.go.kr/wk/static/images/logo/work24.png,개발자
해피콤(주),유선통신공사 설계 및 구축 공무 정규직 채용 (신입/경력 무관),"연봉 2,515 만원 ~ 2,515 만원",경력무관,학력무관,주5일,경기도 용인시 기흥구,2025-04-18,2025-03-20,D-7,https://www.work24.go.kr/wk/static/images/logo/work24.png,기타
하이브비젼,2025년 신입/경력 모집공고,회사내규에 따름,신입/경력,학력무관,,경기 의왕시  등,2025-04-30,2025-03-20,D-19,https://www.work24.go.kr/wk/static/images/logo/jobkorea.png,기타
주식회사 인에이블디자인시스템,반도체 설계 소프트웨어 개발자 채용,"연봉 3,000 만원 이상",신입,"대졸(4년)
														 ~ 박사",주5일,서울특별시 송파구 법원로11길,2025-05-18,2025-03-20,채용시까지,https://www.work24.go.kr/wk/static/images/logo/work24.png,개발자
주식회사제우,SW / 하드웨어 개발자 모집 합니다.,월급 350 만원 ~ 400 만원,경력2년,"대졸(2~3년)
														 ~ 대졸(4년)",주5일,전북특별자치도 전주시 덕진구,2025-05-19,2025-03-20,채용시까지,https://www.work24.go.kr/wk/static/images/logo/work24.png,개발자
넛지헬스케어㈜,[캐시워크-병역특례] 풀스택개발 산업기능요원,회사내규에 따름,경력무관,학력무관,주5일,서울 강남구,2025-04-19,2025-03-20,D-8,https://www.work24.go.kr/wk/static/images/logo/jobkorea.png,웹/앱 개발자
넛지헬스케어㈜,[캐시워크-병역특례] QA담당 산업기능요원,회사내규에 따름,경력무관,학력무관,주5일,서울 강남구,2025-04-19,2025-03-20,D-8,https://www.work24.go.kr/wk/static/images/logo/jobkorea.png,기타
넛지헬스케어㈜,[캐시워크-병역특례] 안드로이드개발 산업기능요원,회사내규에 따름,경력무관,학력무관,주5일,서울 강남구,2025-04-19,2025-03-20,D-8,https://www.work24.go.kr/wk/static/images/logo/jobkorea.png,앱 개발자
㈜폴리인스퍼레이션,"폴리인스퍼레이션 채용 (피플팀, IT, PIVOT)",회사내규에 따름,신입/경력,학력무관,주5일,서울 송파구  등,2025-04-19,2025-03-20,D-8,https://www.work24.go.kr/wk/static/images/logo/jobkorea.png,기타
에이치디에스㈜,에이치디에스(주) 기업부설연구소 소프트웨어 개발 팀장 채용,회사내규에 따름,경력,학력무관,주5일,서울 서초구,2025-04-19,2025-03-20,D-8,https://www.work24.go.kr/wk/static/images/logo/jobkorea.png,해외법인/글로벌 운영지원
㈜인텔렉투스,[인텔렉투스] 프론트엔드 개발자 채용 (경력 3년 이상),회사내규에 따름,경력3년,대졸(4년),주5일,서울 서초구,2025-04-19,2025-03-20,D-8,https://www.work24.go.kr/wk/static/images/logo/jobkorea.png,웹/앱 개발자
㈜인텔렉투스,[인텔렉투스] 백엔드 개발자 채용 (경력 3년 이상),회사내규에 따름,경력3년,대졸(4년),주5일,서울 서초구,2025-04-19,2025-03-20,D-8,https://www.work24.go.kr/wk/static/images/logo/jobkorea.png,웹/앱 개발자
에이피엠컴퍼니,[APM COMPANY] 신입/경력 상시 채용,회사내규에 따름,경력무관,학력무관,주5일,서울 강남구,2025-04-19,2025-03-20,D-8,https://www.work24.go.kr/wk/static/images/logo/jobkorea.png,기획/PM
주식회사 쇼엠,[(주)쇼엠] 파이썬 개발자 사원 채용,"연봉 2,600 만원 이상",경력무관,학력무관,주5일,인천광역시 연수구 갯벌로,2025-05-18,2025-03-19,채용시까지,https://www.work24.go.kr/wk/static/images/logo/work24.png,개발자
주식회사 뉴솔트,웹개발 담당자 모집,"연봉 2,800 만원 이상",경력무관,학력무관,주5일,서울특별시 은평구 응암로12길,2025-05-18,2025-03-19,채용시까지,https://www.work24.go.kr/wk/static/images/logo/work24.png,웹 개발자
(주)흐름코퍼레이션,[웹마스터] 웹프로그래머,"연봉 3,200 만원 이상",경력2년,학력무관,주5일,경상남도 창원시 의창구,2025-05-18,2025-03-19,채용시까지,https://www.work24.go.kr/wk/static/images/logo/work24.png,기타
주식회사 대성종합시스템,(주)교원/웹 어드민개발/restful api 개발/ 개발자 경력직...,월급 400 만원 ~ 800 만원,경력3년,학력무관,주5일,서울 중구,2025-04-18,2025-03-19,D-7,https://www.work24.go.kr/wk/static/images/logo/jobkorea.png,개발자
주식회사디지탈테크,"[신입/경력] SMT제조업, MES C# 개발자 채용",월급 250 만원 ~ 300 만원,경력5년,학력무관,주5일,광주광역시 북구 첨단벤처로28번길,2025-04-18,2025-03-19,D-7,https://www.work24.go.kr/wk/static/images/logo/work24.png,개발자
주식회사 모노래이테크,응용소프트웨어 신입 경력자구함,월급 240 만원 이상,경력무관,"대졸(2~3년)
														 ~ 대졸(4년)",주5일,서울특별시 구로구 디지털로27길,2025-05-18,2025-03-19,채용시까지,https://www.work24.go.kr/wk/static/images/logo/work24.png,기타
주식회사 쓰리디오토메이션,[3월 26일 현장면접 참여기업] ROS개발자 채용,"연봉 3,000 만원 이상",경력무관,대졸(4년),주5일,대구광역시 북구 호암로,2025-04-30,2025-03-19,D-19,https://www.work24.go.kr/wk/static/images/logo/work24.png,기타 개발자
주식회사 에코놀로지 (EKONOLOGY),AI 헬스케어 스타트업 핵심 개발자 채용,"연봉 4,000 만원 이상",경력7년,학력무관,주5일,경기도 화성시 동탄역로,2025-05-17,2025-03-19,채용시까지,https://www.work24.go.kr/wk/static/images/logo/work24.png,개발자
주식회사 인텔렉투스,[인텔렉투스] 백엔드 개발자 전문연구요원 채용,회사내규에 따름,신입/경력,석사,,서울 서초구,2025-04-30,2025-03-19,D-19,https://www.work24.go.kr/wk/static/images/logo/rndJob.png,웹/앱 개발자
주식회사 인텔렉투스,[인텔렉투스] 프론트엔드 개발자 전문연구요원 채용,회사내규에 따름,신입/경력,석사,,서울 서초구,2025-04-30,2025-03-19,D-19,https://www.work24.go.kr/wk/static/images/logo/rndJob.png,웹/앱 개발자
에이치엠케이홀딩스㈜,2025년 상반기 HMK홀딩스그룹 각 부문별 핵심인재 공개채용,회사내규에 따름,경력3년,학력무관,,서울 강남구,등록일 : 2025-03-19,,채용시까지,https://www.work24.go.kr/wk/static/images/logo/jobkorea.png,기타
에듀캔버스,웹 플랫폼 유지보수 및 개발 담당자 채용,"연봉 3,000 만원 ~ 4,300 만원",경력,대졸(4년),주5일,경기 성남시 수정구 등,등록일 : 2025-03-19,,채용시까지,https://www.work24.go.kr/wk/static/images/logo/jobkorea.png,프로그램 운영/AA
펜타시큐리티㈜,사내 시스템 개발자(풀스택) 채용,회사내규에 따름,경력3년,학력무관,주5일,서울 영등포구,2025-05-18,2025-03-19,D-37,https://www.work24.go.kr/wk/static/images/logo/jobkorea.png,웹/앱 개발자
주식회사 캠스텍,시스템 및 서버 백엔드 개발자 모집,"연봉 4,000 만원 ~ 4,000 만원",경력3년,학력무관,주5일,경기도 수원시 팔달구,2025-05-17,2025-03-18,채용시까지,https://www.work24.go.kr/wk/static/images/logo/work24.png,웹/앱 개발자
주식회사 알펜시아,알펜시아리조트 전산실(IT) 정규직원 모집,"연봉 3,000 만원 ~ 4,780 만원",경력무관,"대졸(2~3년)
														 ~ 대졸(4년)",주5일,강원특별자치도 평창군 대관령면,2025-05-17,2025-03-18,채용시까지,https://www.work24.go.kr/wk/static/images/logo/work24.png,시스템 운영
㈜이젠아카데미,이젠아카데미 백엔드/프론트엔드/풀스텍/개발자 강사 채용,월급 700 만원 ~ 800 만원,경력1년,대졸(2~3년),주5일,서울 서초구  등,등록일 : 2025-03-18,,채용시까지,https://www.work24.go.kr/wk/static/images/logo/jobkorea.png,웹/앱 개발자
제이디컨설팅㈜,[중구/국내중견그룹사/연3740만수준]-IT혁신팀 사무보조 채용,회사내규에 따름,경력1년,고졸,주5일,서울 중구  등,2025-04-17,2025-03-18,D-6,https://www.work24.go.kr/wk/static/images/logo/jobkorea.png,기타
㈜사이냅소프트,[2025년 신입·경력] 솔루션 사업본부 채용,회사내규에 따름,신입/경력,학력무관,주5일,서울 강서구  등,2025-04-17,2025-03-18,D-6,https://www.work24.go.kr/wk/static/images/logo/jobkorea.png,기타
스피츠홀딩스,프론트엔드 개발자 경력직 모집 [스피츠AI],"연봉 4,000 만원 ~ 4,000 만원",경력4년,학력무관,주5일,서울 종로구,2025-04-17,2025-03-18,D-6,https://www.work24.go.kr/wk/static/images/logo/jobkorea.png,웹/앱 개발자
㈜티맥스소프트,[TmaxSoft] 연구본부 IF개발 2팀  모집,회사내규에 따름,신입/경력,대졸(4년),주5일,경기 성남시 분당구 등,2025-05-17,2025-03-18,D-36,https://www.work24.go.kr/wk/static/images/logo/jobkorea.png,기타
신라에이치엠㈜,[신라스테이]  본사(HQ) 재무팀 / 전산 / 재무팀 구매파트 인...,회사내규에 따름,신입/경력,대졸(2~3년),주5일,서울 중구,2025-04-17,2025-03-18,D-6,https://www.work24.go.kr/wk/static/images/logo/jobkorea.png,시스템 운영
그린데이소프트,"JAVA, Python 개발자 채용 공고","연봉 3,000 만원 ~ 5,000 만원",경력1년,학력무관,주5일,강원특별자치도 원주시 입춘로,2025-05-15,2025-03-17,채용시까지,https://www.work24.go.kr/wk/static/images/logo/work24.png,개발자
주식회사 엘앤디시스템,"웹프로그래머(JAVA, React)","연봉 3,000 만원 이상",경력무관,학력무관,주5일,서울특별시 영등포구 문래동3가,2025-05-13,2025-03-17,채용시까지,https://www.work24.go.kr/wk/static/images/logo/work24.png,웹 개발자
유에스소프트(USSOFT),웹.앱 백엔드 개발자 경력 모집합니다.,"연봉 3,000 만원 ~ 4,000 만원",경력1년,학력무관,주5일,울산광역시 남구 옥현로,2025-04-11,2025-03-17,오늘마감,https://www.work24.go.kr/wk/static/images/logo/work24.png,웹/앱 개발자
㈜리로소프트,PHP 개발자 / AI 개발자 경력직 채용,회사내규에 따름,경력5년,학력무관,주5일,서울 구로구  등,2025-04-16,2025-03-17,D-5,https://www.work24.go.kr/wk/static/images/logo/jobkorea.png,AI개발자
㈜웨이투텍,임베디드 응용소프트웨어 개발자 채용 공고,회사내규에 따름,신입/경력,대졸(4년),주5일,경기 성남시 분당구 등,등록일 : 2025-03-17,,채용시까지,https://www.work24.go.kr/wk/static/images/logo/jobkorea.png,개발자
노츠㈜,자동차 전장 S/W(AVN) 테스트 엔지니어 경력 모집,회사내규에 따름,경력1년,대졸(2~3년),주5일,경기 성남시 수정구 등,2025-04-16,2025-03-17,D-5,https://www.work24.go.kr/wk/static/images/logo/jobkorea.png,엔지니어
위쉬정보기술㈜,정자역 현대 구매시스템 개발 C# 윈폼,회사내규에 따름,경력무관,학력무관,주5일,서울 구로구,2025-04-16,2025-03-17,D-5,https://www.work24.go.kr/wk/static/images/logo/jobkorea.png,기타
(주)포지텍,[일자리매칭플랫폼] (주)포지텍 솔루션 개발자 모집 (웹/앱 개발자...,회사내규에 따름,경력2년,학력무관,,서울 서초구,2025-05-16,2025-03-17,D-35,https://www.work24.go.kr/wk/static/images/logo/kosme.png,웹/앱 개발자
㈜경포씨엔씨,[경포씨엔씨]금융권 프레임워크 구축 및 유지보수 (정규직),회사내규에 따름,경력8년,대졸(4년),주5일,서울 성동구,2025-04-16,2025-03-17,D-5,https://www.work24.go.kr/wk/static/images/logo/jobkorea.png,프로그램 운영/AA
주식회사 배움의모든것,이미지 처리 AI개발자,월급 210 만원 ~ 300 만원,경력무관,학력무관,주5일,경기도 구리시 갈매중앙로,2025-05-13,2025-03-14,채용시까지,https://www.work24.go.kr/wk/static/images/logo/work24.png,AI개발자
스타프리마㈜,"[한전KDN-나주혁신] ADMS 플랫폼 응용SW(C, C++) 유지...",회사내규에 따름,경력6년,대졸(2~3년),주5일,전남 나주시,2025-04-25,2025-03-14,D-14,https://www.work24.go.kr/wk/static/images/logo/jobkorea.png,기타
(주)에코파워텍,신재생에너지 연구개발 및 기획사원 모집 [ESS/BEMS/태양광],월급 250 만원 이상,경력무관,학력무관,주5일,제주특별자치도 제주시 번영로,2025-04-11,2025-03-14,오늘마감,https://www.work24.go.kr/wk/static/images/logo/work24.png,기획/PM
주식회사 이투지,신재생에너지 연구개발 및 기획사원 모집 [ESS/BEMS/태양광],월급 310 만원 이상,경력무관,학력무관,주5일,제주특별자치도 제주시 첨단로8길,2025-04-11,2025-03-14,오늘마감,https://www.work24.go.kr/wk/static/images/logo/work24.png,기획/PM
주식회사 디엑스솔루션,광양 포스코 응용소프트웨어개발자(프로그래머) 및 S/W운영자 모집,"연봉 3,000 만원 ~ 5,500 만원",경력2년,학력무관,주5일,전라남도 광양시 폭포사랑길,2025-04-30,2025-03-14,D-19,https://www.work24.go.kr/wk/static/images/logo/work24.png,개발자
(주)아이티엔제이,[제1회 일자리매칭데이 서류접수대행 기업] 웹개발/C#개발자 채용,"연봉 4,000 만원 이상",경력3년,학력무관,주5일,울산광역시 남구 왕생로,2025-05-13,2025-03-14,채용시까지,https://www.work24.go.kr/wk/static/images/logo/work24.png,기타 개발자
(주)에너시스,(주)에너시스 기업부설연구소 프로그래머 신규 채용 공고,"연봉 2,520 만원 ~ 2,800 만원",신입,"대졸(4년)
														 ~ 박사",주5일,경기도 화성시 동탄기흥로,2025-04-12,2025-03-14,D-1,https://www.work24.go.kr/wk/static/images/logo/work24.png,해외법인/글로벌 운영지원
(주)에너시스,(주)에너시스 기업부설연구소 프로그래머 (계측장비) 경력자 모집 공...,"연봉 3,500 만원 ~ 4,500 만원",경력3년,"대졸(4년)
														 ~ 박사",주5일,경기도 화성시 동탄기흥로,2025-04-12,2025-03-14,D-1,https://www.work24.go.kr/wk/static/images/logo/work24.png,해외법인/글로벌 운영지원
다이나비스타 주식회사,[다이나비스타] 임베디드 소프트웨어 개발 (C-ITS 장비 개발),"연봉 3,500 만원 ~ 5,400 만원",경력무관,대졸(4년),주5일,경기도 용인시 기흥구,2025-05-12,2025-03-14,채용시까지,https://www.work24.go.kr/wk/static/images/logo/work24.png,임베디드 개발자
㈜씨앤피에스,2025년 CNPS 웹 개발자 / KLPGA 공식 기록수집 운영팀 ...,회사내규에 따름,신입/경력,대졸(2~3년),,서울 서초구  등,등록일 : 2025-03-14,,채용시까지,https://www.work24.go.kr/wk/static/images/logo/jobkorea.png,개발자
통로이미지㈜,[클립아트코리아] 에디터팀 프론트엔드 웹개발자 채용 (Next.js...,회사내규에 따름,경력5년,대졸(4년),주5일,서울 중구,2025-04-30,2025-03-14,D-19,https://www.work24.go.kr/wk/static/images/logo/jobkorea.png,웹/앱 개발자
주식회사 이지바로,[프론트앤드/백앤드] 미래를 함께 만들어갈 개발자 모집,"연봉 3,000 만원 이상",경력3년,학력무관,주5일,서울특별시 구로구 디지털로,2025-04-30,2025-03-14,D-19,https://www.work24.go.kr/wk/static/images/logo/work24.png,개발자
페스카로,임베디드 SW 개발자 채용 (경력 8년 이상),회사내규에 따름,경력8년,대졸(4년),주5일,경기 수원시 영통구 등,2025-05-13,2025-03-14,D-32,https://www.work24.go.kr/wk/static/images/logo/jobkorea.png,개발자
위쉬정보기술㈜,여의도 우리증권 react 개발자 모집,회사내규에 따름,경력무관,학력무관,주5일,서울 구로구,2025-04-13,2025-03-14,D-2,https://www.work24.go.kr/wk/static/images/logo/jobkorea.png,개발자
㈜케이씨이앤씨,[케이씨이앤씨]기술전략센터 연구개발팀 경력 모집,회사내규에 따름,경력,대졸(2~3년),주5일,경기 안성시,2025-04-20,2025-03-14,D-9,https://www.work24.go.kr/wk/static/images/logo/jobkorea.png,기타
재경가구산업㈜,[JAKOMO] 시스템 관리부 채용 공고 (경력 3년 이상),회사내규에 따름,경력3년,고졸,주5일,서울 송파구  등,2025-04-13,2025-03-14,D-2,https://www.work24.go.kr/wk/static/images/logo/jobkorea.png,기타
잉그리스(주),"[일자리매칭플랫폼] 프레임 워크 활용한 Web, Java 개발자 채...",회사내규에 따름,경력5년,대졸(4년),,서울 구로구,2025-05-13,2025-03-14,D-32,https://www.work24.go.kr/wk/static/images/logo/kosme.png,개발자
㈜GNA,2025 상반기 지엔에이 채용공고,회사내규에 따름,신입/경력,학력무관,주5일,인천 남동구  등,2025-04-13,2025-03-14,D-2,https://www.work24.go.kr/wk/static/images/logo/jobkorea.png,기타
위쉬정보기술㈜,판교 한국타이어 java 개발자 모집,회사내규에 따름,경력무관,학력무관,주5일,서울 구로구,2025-04-13,2025-03-14,D-2,https://www.work24.go.kr/wk/static/images/logo/jobkorea.png,개발자
허브디티㈜,"하이닉스 이천 MES개발 중급,고급 개발자 모집(경험자우대)",회사내규에 따름,경력3년,대졸(4년),주5일,경기 이천시,2025-04-13,2025-03-14,D-2,https://www.work24.go.kr/wk/static/images/logo/jobkorea.png,개발자
㈜유비온,라이선스 컨설턴트 / 기획자 / UI/UX디자이너 채용,회사내규에 따름,경력1년,학력무관,,서울 구로구  등,2025-04-13,2025-03-14,D-2,https://www.work24.go.kr/wk/static/images/logo/jobkorea.png,기획/PM
(주)비아트론,장비제어 소프트웨어 개발자 채용,"연봉 3,200 만원 ~ 3,200 만원",경력3년,"대졸(2~3년)
														 ~ 대졸(4년)",주5일,경기도 수원시 권선구,2025-05-12,2025-03-13,채용시까지,https://www.work24.go.kr/wk/static/images/logo/work24.png,개발자
"주식회사 혜성테크윈(Hyesung Techwin Co. ,Ltd)",통신장비 연구개발(H/W 분석 및 설계 등) 및 조달우수제품 수행 ...,"연봉 4,000 만원 이상",경력3년,학력무관,주5일,경기도 성남시 중원구,2025-04-12,2025-03-13,D-1,https://www.work24.go.kr/wk/static/images/logo/work24.png,기타
㈜비전파트너스,전력그룹사 정보시스템 운영자 모집,회사내규에 따름,경력1년,대졸(2~3년),주5일,전남 나주시,2025-05-12,2025-03-13,D-31,https://www.work24.go.kr/wk/static/images/logo/jobkorea.png,시스템 운영자
㈜엘로이랩,[서울/AI 초분광 솔루션] AI 연구소 병역특례 전문연구요원 채용,회사내규에 따름,경력무관,석사,주5일,서울 구로구,2025-04-12,2025-03-13,D-1,https://www.work24.go.kr/wk/static/images/logo/jobkorea.png,해외법인/글로벌 운영지원
㈜엘로이랩,[서울/AI 초분광 솔루션] AI 연구소 채용 공고(신입/경력),회사내규에 따름,신입/경력,석사,주5일,서울 구로구,2025-04-12,2025-03-13,D-1,https://www.work24.go.kr/wk/static/images/logo/jobkorea.png,해외법인/글로벌 운영지원
㈜비알팜,개발/홍보/마케팅/웹관리자/온라인 MD/ 기업 부설 연구소/해외 인...,회사내규에 따름,경력3년,고졸,,강원 원주시  등,2025-04-16,2025-03-12,D-5,https://www.work24.go.kr/wk/static/images/logo/jobkorea.png,해외법인/글로벌 운영지원
㈜비알팜,생산관리/생산부/제조생산/구매/QA/공무/웹 관리자 신입/경력 채용,회사내규에 따름,신입/경력,학력무관,,강원 원주시,2025-04-16,2025-03-12,D-5,https://www.work24.go.kr/wk/static/images/logo/jobkorea.png,기타
세영정보통신(주),펌웨어 경력직 개발자 공고,"연봉 5,000 만원 ~ 5,000 만원",경력3년,학력무관,주5일,경상북도 구미시 산호대로,2025-05-11,2025-03-12,채용시까지,https://www.work24.go.kr/wk/static/images/logo/work24.png,개발자
선진이알에스,스마트 안전장비 시스템 담당하실 연구개발 인재를 찾습니다.,월급 250 만원 ~ 300 만원,신입,학력무관,주5일,부산광역시 강서구 과학산단1로60번길,2025-05-10,2025-03-12,채용시까지,https://www.work24.go.kr/wk/static/images/logo/work24.png,기타
주식회사한길에이치씨,백엔드 개발 및 인프라 관리 정규직 직원 채용,"연봉 3,000 만원 ~ 5,000 만원",경력무관,학력무관,주5일,경기도 안산시 단원구,2025-05-11,2025-03-12,채용시까지,https://www.work24.go.kr/wk/static/images/logo/work24.png,웹/앱 개발자
㈜위즈코리아,25년도 상반기 직무별 신입/경력 정기채용,회사내규에 따름,신입/경력,대졸(2~3년),주5일,서울 강서구  등,2025-05-11,2025-03-12,D-30,https://www.work24.go.kr/wk/static/images/logo/jobkorea.png,기타
위쉬정보기술㈜,보라매공원 KT 이커머스 개발 java react,회사내규에 따름,경력무관,학력무관,주5일,서울 구로구,2025-04-11,2025-03-12,오늘마감,https://www.work24.go.kr/wk/static/images/logo/jobkorea.png,웹 개발자
㈜위펀,[위펀] 프론트엔드 개발자 (Frontend/React),회사내규에 따름,경력5년,학력무관,주5일,서울 강남구  등,등록일 : 2025-03-12,,채용시까지,https://www.work24.go.kr/wk/static/images/logo/jobkorea.png,웹/앱 개발자
㈜위펀,[위펀] 백엔드 개발 엔지니어 (backend),회사내규에 따름,경력5년,학력무관,주5일,서울 강남구  등,등록일 : 2025-03-12,,채용시까지,https://www.work24.go.kr/wk/static/images/logo/jobkorea.png,웹/앱 개발자
콘센트릭스서비스코리아(유),[Catalyst] SAP CC(Hybris) 기반 BA/개발자,회사내규에 따름,경력3년,학력무관,주5일,서울 강남구,2025-04-30,2025-03-12,D-19,https://www.work24.go.kr/wk/static/images/logo/jobkorea.png,개발자
(주)에잇바이트,[(주)에잇바이트] Java 또는 Embeded Linux C 개발...,회사내규에 따름,경력3년,학력무관,,서울 강남구,2025-05-11,2025-03-12,D-30,https://www.work24.go.kr/wk/static/images/logo/kosme.png,웹 개발자
㈜씨엠엔피,[경력] DB 개발자 - Oracle (카카오모빌리티 자회사),"연봉 5,000 만원 ~ 8,000 만원",경력5년,대졸(2~3년),주5일,경기 성남시 분당구 등,2025-04-11,2025-03-12,오늘마감,https://www.work24.go.kr/wk/static/images/logo/jobkorea.png,개발자
위쉬정보기술㈜,여의도 현대차증권 출납 운영 c pro-c,회사내규에 따름,경력무관,학력무관,주5일,서울 구로구,2025-04-11,2025-03-12,오늘마감,https://www.work24.go.kr/wk/static/images/logo/jobkorea.png,기타
㈜씨씨미디어서비스,[신입/경력] Java/Web개발자 채용,회사내규에 따름,신입/경력,대졸(2~3년),주5일,서울 구로구,2025-04-11,2025-03-12,오늘마감,https://www.work24.go.kr/wk/static/images/logo/jobkorea.png,기타 개발자
㈜누리미디어,[개발운영] 백엔드 개발자 (경력),회사내규에 따름,경력7년,대졸(4년),,서울 마포구,2025-05-11,2025-03-12,D-30,https://www.work24.go.kr/wk/static/images/logo/jobkorea.png,웹/앱 개발자
㈜누리미디어,[개발운영] 백엔드 개발자 (병역특례 전문연구요원),회사내규에 따름,경력무관,학력무관,,서울 마포구,2025-05-11,2025-03-12,D-30,https://www.work24.go.kr/wk/static/images/logo/jobkorea.png,웹/앱 개발자
잉글리시헌트,JAVA 백엔드개발 (경력),회사내규에 따름,경력3년,학력무관,주5일,서울 송파구,2025-04-11,2025-03-12,오늘마감,https://www.work24.go.kr/wk/static/images/logo/jobkorea.png,웹/앱 개발자
한국이콜랩(유),[외국계 화학] 각 부문 신입/경력 채용,회사내규에 따름,신입/경력,고졸,,서울 송파구  등,2025-04-11,2025-03-12,오늘마감,https://www.work24.go.kr/wk/static/images/logo/jobkorea.png,기타
영성미디어㈜,"웹기획, 웹서비스 기획,웹개발",회사내규에 따름,경력5년,대졸(2~3년),주5일,경기 고양시 일산동구 등,2025-05-11,2025-03-12,D-30,https://www.work24.go.kr/wk/static/images/logo/jobkorea.png,웹 개발자
㈜세인인포테크,2025년 각분야 상반기 경력직 채용,회사내규에 따름,경력3년,대졸(4년),주5일,서울 강남구  등,2025-04-11,2025-03-12,오늘마감,https://www.work24.go.kr/wk/static/images/logo/jobkorea.png,기타
주식회사컴퓨터메이트,프로그램 개발자 모집(장애인만 지원바람),"연봉 3,220 만원 이상",경력무관,학력무관,주5일,대구광역시 수성구 알파시티1로35길,2025-05-09,2025-03-11,채용시까지,https://www.work24.go.kr/wk/static/images/logo/work24.png,개발자
주식회사자이트솔루션,증권 시장시스템 응용프로그램 운영 개발자 모집,"연봉 5,000 만원 ~ 7,000 만원",경력7년,학력무관,주5일,서울특별시 영등포구 여의나루로,2025-05-06,2025-03-11,채용시까지,https://www.work24.go.kr/wk/static/images/logo/work24.png,개발자
아이디자인닷컴,웹프로그래머,"연봉 3,600 만원 ~ 4,500 만원",경력3년,학력무관,주5일,부산광역시 동구 고관로,2025-04-30,2025-03-11,D-19,https://www.work24.go.kr/wk/static/images/logo/work24.png,기타
(주)일경홀딩스,Unity 및 AI를 활용한 프로젝트 개발자 모집,"연봉 3,000 만원 ~ 4,000 만원",경력무관,학력무관,주5일,서울특별시 구로구 디지털로,2025-05-10,2025-03-11,채용시까지,https://www.work24.go.kr/wk/static/images/logo/work24.png,개발자
미르넷솔루션 주식회사,소프트웨어 개발,"연봉 4,000 만원 이상",경력4년,학력무관,주5일,서울특별시 구로구 디지털로34길,2025-05-09,2025-03-11,채용시까지,https://www.work24.go.kr/wk/static/images/logo/work24.png,기타
가오콘,Automotive 개발 엔지니어 모집,"연봉 5,000 만원 이상",경력10년,"대졸(4년)
														 ~ 박사",주5일,서울특별시 강서구 마곡서로,2025-05-09,2025-03-11,채용시까지,https://www.work24.go.kr/wk/static/images/logo/work24.png,엔지니어
㈜엠플라인,[코드모바일/보안] 정보보호 담당자 채용,회사내규에 따름,경력,대졸(2~3년),주5일,서울 성동구  등,2025-05-10,2025-03-11,D-29,https://www.work24.go.kr/wk/static/images/logo/jobkorea.png,보안담당자
㈜이빗,[EBIT] AI Trainer(Data Labeler) - 개발자...,"시급 30,000 원 ~ 30,000 원",경력무관,학력무관,주5일,서울 강남구,2025-04-11,2025-03-11,오늘마감,https://www.work24.go.kr/wk/static/images/logo/jobkorea.png,개발자
페스카로,차량 사이버보안 위협 분석 및 테스트-RED팀 (신입/경력 무관),회사내규에 따름,경력무관,대졸(4년),주5일,경기 수원시 영통구 등,2025-05-10,2025-03-11,D-29,https://www.work24.go.kr/wk/static/images/logo/jobkorea.png,보안담당자
케이에이씨공항서비스(주),KAC공항서비스 김포공항 통신 시설 기간제 채용,월급 230 만원 ~ 250 만원,경력무관,학력무관,주5일,서울특별시 강서구 하늘길,2025-04-27,2025-03-10,D-16,https://www.work24.go.kr/wk/static/images/logo/work24.png,기타
주식회사 모드니케어,AWS Personalize 가능 개발자 모집,"연봉 3,000 만원 ~ 4,000 만원",경력7년,학력무관,주5일,경기도 성남시 분당구,2025-05-06,2025-03-10,채용시까지,https://www.work24.go.kr/wk/static/images/logo/work24.png,개발자
솔탑,2025년 부문별 신입/경력사원 모집,회사내규에 따름,신입/경력,학력무관,,대전 대덕구  등,2025-05-10,2025-03-10,D-29,https://www.work24.go.kr/wk/static/images/logo/jobkorea.png,기타
주식회사온품,[2025 대한민국 채용박람회 오프라인 참여 기업]- [온품]  A...,"연봉 5,000 만원 ~ 6,000 만원",경력3년,"대졸(4년)
														 ~ 석사",주5일,서울특별시 영등포구 당산로49길,2025-05-09,2025-03-10,D-28,https://www.work24.go.kr/wk/static/images/logo/work24.png,기타
(주)한국정보통계,웹개발자,"연봉 2,700 만원 ~ 3,600 만원",경력1년,학력무관,주5일,전북특별자치도 전주시 완산구,2025-05-06,2025-03-10,채용시까지,https://www.work24.go.kr/wk/static/images/logo/work24.png,웹/앱 개발자
주식회사온품,[2025 대한민국 채용박람회 오프라인 참여 기업]- [온품] RF...,"연봉 5,000 만원 ~ 6,000 만원",경력3년,"대졸(4년)
														 ~ 박사",주5일,서울특별시 영등포구 당산로49길,2025-04-30,2025-03-10,채용시까지,https://www.work24.go.kr/wk/static/images/logo/work24.png,기타
아이씨티웨이㈜,SI사업 및 ICT사업 프로젝트 매니저(PM) 채용 공고,회사내규에 따름,경력12년,대졸(2~3년),주5일,서울 구로구,2025-05-09,2025-03-10,D-28,https://www.work24.go.kr/wk/static/images/logo/jobkorea.png,기획/PM
콘센트릭스서비스코리아(유),[Catalyst]개발 분석가 (Development Analyst...,회사내규에 따름,경력3년,학력무관,주5일,서울 강서구,2025-04-30,2025-03-10,D-19,https://www.work24.go.kr/wk/static/images/logo/jobkorea.png,기획/PM
㈜웹젠,2025년 웹젠 수시채용,회사내규에 따름,신입/경력,학력무관,주5일,경기 성남시 분당구 등,2025-05-09,2025-03-10,D-28,https://www.work24.go.kr/wk/static/images/logo/jobkorea.png,기타
㈜웅진,콜센터 CTI 시스템 개발 및 운영인력 채용,회사내규에 따름,경력무관,학력무관,주5일,서울 중구  등,2025-04-30,2025-03-08,D-19,https://www.work24.go.kr/wk/static/images/logo/jobkorea.png,기타
주식회사 유유랑컴퍼니,C# 프로그래머(신입) 해외 출장 가능자,"연봉 3,200 만원 ~ 3,200 만원",신입,학력무관,주5일,충청남도 아산시 염치읍,2025-05-06,2025-03-07,채용시까지,https://www.work24.go.kr/wk/static/images/logo/work24.png,기타
주식회사에이투지시스템,에이투지시스템 개발자 구인,"연봉 2,600 만원 ~ 5,000 만원",경력5년,학력무관,주5일,광주광역시 북구 첨단과기로,2025-05-06,2025-03-07,채용시까지,https://www.work24.go.kr/wk/static/images/logo/work24.png,개발자
주식회사콘트로하에츠(KontroHaets),AMR/AGV 개발자 과장급 모집공고,"연봉 3,800 만원 ~ 8,000 만원",경력5년,학력무관,주5일,경기도 성남시 중원구,2025-05-05,2025-03-07,채용시까지,https://www.work24.go.kr/wk/static/images/logo/work24.png,개발자
㈜래피젠,"(주)래피젠 의료장비개발팀(SW/HW/FW/기구설계), 재경팀 채용",회사내규에 따름,신입/경력,학력무관,주5일,경기 수원시 권선구 등,2025-05-06,2025-03-07,D-25,https://www.work24.go.kr/wk/static/images/logo/jobkorea.png,기타
(주)롤링씨드,2D 미니게임 클라이언트 개발 구인 (경력),회사내규에 따름,경력3년,학력무관,,서울 강서구,등록일 : 2025-03-07,,채용시까지,https://www.work24.go.kr/wk/static/images/logo/incruit.png,기타
㈜라이브러리컴퍼니,플랫폼사업팀 (백엔드 개발자) 모집,회사내규에 따름,신입/경력,학력무관,주5일,서울 서초구,2025-05-06,2025-03-07,D-25,https://www.work24.go.kr/wk/static/images/logo/jobkorea.png,웹/앱 개발자
삼광랩트리,[삼광랩트리] 2025년 전산팀 신입/경력 채용,회사내규에 따름,신입/경력,대졸(2~3년),주5일,서울 서초구,등록일 : 2025-03-07,,채용시까지,https://www.work24.go.kr/wk/static/images/logo/jobkorea.png,시스템 운영
(주)디에이치라이팅 2공장,[2025 대한민국 채용박람회 오프라인 참여기업]  임배디드 소프트...,"연봉 4,000 만원 ~ 5,000 만원",경력4년,대졸(4년),주5일,인천광역시 서구 첨단기술로,2025-05-05,2025-03-06,채용시까지,https://www.work24.go.kr/wk/static/images/logo/work24.png,기타
주식회사 프로닉스,미래 기술을 함께 만들어갈 개발자를 찾습니다!,월급 250 만원 이상,경력무관,"대졸(2~3년)
														 ~ 박사",주5일,경기도 파주시 회동길,2025-05-05,2025-03-06,채용시까지,https://www.work24.go.kr/wk/static/images/logo/work24.png,개발자
주식회사베스트씨피알,기업부설연구소 연구원 S/W개발자,월급 250 만원 이상,경력무관,"대졸(4년)
														 ~ 석사",주5일,경기도 화성시 동탄기흥로,2025-05-05,2025-03-06,채용시까지,https://www.work24.go.kr/wk/static/images/logo/work24.png,기타 개발자
주식회사 와이매틱스 도곡지점,「2025 대한민국 채용박람회 온라인 참여 기업] 백엔드 개발자 1...,"연봉 3,000 만원 ~ 5,000 만원",경력무관,"대졸(4년)
														 ~ 박사",주5일,서울특별시 강남구 남부순환로351길,2025-05-04,2025-03-06,채용시까지,https://www.work24.go.kr/wk/static/images/logo/work24.png,웹/앱 개발자
유니닥스주식회사,유니닥스(주) AI개발자 장애인전형 채용,"연봉 2,600 만원 ~ 4,000 만원",신입,학력무관,주5일,서울특별시 구로구 디지털로,2025-04-25,2025-03-06,D-14,https://www.work24.go.kr/wk/static/images/logo/work24.png,AI개발자
슈프리마,[슈프리마] FW 개발자 모집(육아휴직 대체),회사내규에 따름,경력5년,대졸(4년),주5일,경기 성남시 분당구 등,2025-05-05,2025-03-06,D-24,https://www.work24.go.kr/wk/static/images/logo/jobkorea.png,개발자
㈜쓰리탑,JAVA웹개발자 모집(경력)-대형 이커머스 구축 전문기업,회사내규에 따름,경력5년,대졸(2~3년),주5일,서울 성동구  등,2025-05-05,2025-03-06,D-24,https://www.work24.go.kr/wk/static/images/logo/jobkorea.png,웹/앱 개발자
㈜휴먼비젼,[여의도역/금융/캐피탈] IT지원부 경력직(과/차장급) 채용,"연봉 6,000 만원 ~ 7,000 만원",경력,학력무관,주5일,서울 영등포구,2025-05-05,2025-03-06,D-24,https://www.work24.go.kr/wk/static/images/logo/jobkorea.png,기타
슈프리마,[슈프리마]  Embedded SW Engineer 모집(Andro...,회사내규에 따름,경력3년,대졸(4년),주5일,경기 성남시 분당구 등,2025-05-05,2025-03-06,D-24,https://www.work24.go.kr/wk/static/images/logo/jobkorea.png,기타
주식회사 아이시에스소프트,공장 자동제어 개발자 및 프로그램 테스트 직원을 구합니다.,"연봉 3,000 만원 이상",신입,대졸(4년),주5일,충청북도 청주시 서원구,2025-04-15,2025-03-05,D-4,https://www.work24.go.kr/wk/static/images/logo/work24.png,개발자
지메이커주식회사,웹  프로그래머 정규직 채용,"연봉 3,000 만원 ~ 7,000 만원",경력무관,학력무관,주5일,서울특별시 금천구 벚꽃로,2025-05-04,2025-03-05,채용시까지,https://www.work24.go.kr/wk/static/images/logo/work24.png,기타
코모로,소트트웨어 개발자 모집,"연봉 3,000 만원 ~ 5,000 만원",경력3년,"대졸(4년)
														 ~ 석사",주5일,경기도 과천시 과천대로7길,2025-05-04,2025-03-05,채용시까지,https://www.work24.go.kr/wk/static/images/logo/work24.png,개발자
(주)헤렌,[2025 대한민국 온라인 박람회 참가기업] 백엔드 개발자 모집,"연봉 3,200 만원 ~ 7,000 만원",경력3년,학력무관,주5일,서울특별시 성동구 성수일로8길,2025-05-04,2025-03-05,채용시까지,https://www.work24.go.kr/wk/static/images/logo/work24.png,웹/앱 개발자
주식회사 도우인시스,[2025 대한민국 채용박람회 온라인 참여 업체](주)도우인시스 M...,"연봉 4,000 만원 ~ 5,000 만원",경력4년,"대졸(2~3년)
														 ~ 대졸(4년)",주5일,충청북도 청주시 흥덕구,2025-04-30,2025-03-05,D-19,https://www.work24.go.kr/wk/static/images/logo/work24.png,기타
주식회사 캐디안,"[2025 대한민국 채용박람회 오프라인 참여업체] CAD, BIM,...","연봉 4,000 만원 ~ 7,000 만원",경력3년,"대졸(4년)
														 ~ 석사",주5일,서울특별시 금천구 가산디지털2로,2025-04-15,2025-03-05,D-4,https://www.work24.go.kr/wk/static/images/logo/work24.png,기타
㈜웨이투텍,임베디드 AI 소프트웨어 개발자 채용 공고,회사내규에 따름,경력무관,대졸(4년),주5일,경기 성남시 분당구 등,등록일 : 2025-03-05,,채용시까지,https://www.work24.go.kr/wk/static/images/logo/jobkorea.png,개발자
주식회사 찰리컴퍼니,"홈페이지개발, 사무업무 가능자 모집합니다.(인턴지원금희망업체/채용대...",월급 209 만원 ~ 220 만원,경력무관,대졸(4년),주5일,경기도 시흥시 경기과기대로,2025-05-03,2025-03-04,채용시까지,https://www.work24.go.kr/wk/static/images/logo/work24.png,기타
(주)세아씨엔티,"PC 응용프로그램 개발-관리 C#,VB 채용공고","연봉 4,000 만원 이상",경력5년,학력무관,주5일,광주광역시 광산구 하남산단천변우로,2025-05-03,2025-03-04,채용시까지,https://www.work24.go.kr/wk/static/images/logo/work24.png,기타
네이처아이 주식회사,웹개발 및 응용소프트웨어 개발자 모집,"연봉 3,600 만원 ~ 7,000 만원",경력3년,학력무관,주5일,대구광역시 동구 동대구로,2025-05-03,2025-03-04,채용시까지,https://www.work24.go.kr/wk/static/images/logo/work24.png,개발자
(주)두비스,"[2025 대한민국 채용박람회 온라인 참여 기업], (주)두비스 경...",월급 500 만원 이상,경력5년,대졸(4년),주5일,서울특별시 마포구 월드컵로8길,2025-05-03,2025-03-04,채용시까지,https://www.work24.go.kr/wk/static/images/logo/work24.png,기타
주식회사메인아이티,영상관제 기술엔지니어,"연봉 4,000 만원 ~ 4,500 만원",경력3년,"대졸(2~3년)
														 ~ 대졸(4년)",주5일,서울특별시 구로구 디지털로33길,2025-04-27,2025-03-04,채용시까지,https://www.work24.go.kr/wk/static/images/logo/work24.png,엔지니어
㈜세종분석연구원,입찰분석연구원 외 각 부문별 신입 및 경력사원 모집,회사내규에 따름,신입/경력,학력무관,주5일,서울 마포구,2025-05-03,2025-03-04,D-22,https://www.work24.go.kr/wk/static/images/logo/jobkorea.png,연구원
트랜스코스모스코리아,[트랜스코스모스/여의도] 당사 CX개발1부 RPA프로세스 개발 담당...,"연봉 3,100 만원 ~ 3,100 만원",신입/경력,학력무관,주5일,서울 영등포구  등,2025-05-03,2025-03-04,D-22,https://www.work24.go.kr/wk/static/images/logo/jobkorea.png,기타
대상정보기술㈜,[대상정보기술] 각 부문별 신입ㆍ경력 채용,회사내규에 따름,신입/경력,학력무관,주5일,서울 광진구,2025-05-04,2025-03-04,D-23,https://www.work24.go.kr/wk/static/images/logo/jobkorea.png,기타
㈜디자인코코,개발자 긴급구함 (DB구축과 다수 기업쇼핑몰 개발 유경험자 찾아요),"연봉 5,000 만원 ~ 7,000 만원",경력5년,대졸(2~3년),주5일,서울 영등포구,등록일 : 2025-03-03,,채용시까지,https://www.work24.go.kr/wk/static/images/logo/jobkorea.png,개발자
㈜범강,"(주)범강 비서, 관리 인원채용   /  개발 설계 채용  (신입/...",회사내규에 따름,경력3년,대졸(2~3년),주5일,경기 성남시 수정구 등,2025-04-11,2025-03-01,오늘마감,https://www.work24.go.kr/wk/static/images/logo/jobkorea.png,기타
주식회사 페이브,의류 관련 빅데이터 정보수집,월급 300 만원 ~ 400 만원,경력무관,학력무관,주5일,강원특별자치도 원주시 학성길,2025-04-26,2025-02-28,채용시까지,https://www.work24.go.kr/wk/static/images/logo/work24.png,기타
㈜푸드테크,(주)푸드테크 IT부문 웹개발자 채용,회사내규에 따름,경력5년,학력무관,주5일,서울 강남구  등,등록일 : 2025-02-28,,채용시까지,https://www.work24.go.kr/wk/static/images/logo/jobkorea.png,웹/앱 개발자
(주)상상력집단,[AI 정부과제 기획자] 입찰·기획 전문가 : 개발 경험 우대,회사내규에 따름,경력,대졸(4년),주5일,서울 서초구,등록일 : 2025-02-28,,채용시까지,https://www.work24.go.kr/wk/static/images/logo/jobkorea.png,기획/PM
㈜비즈마켓,ASP.NET C# 개발자 모집,회사내규에 따름,경력2년,대졸(2~3년),주5일,서울 용산구,2025-04-29,2025-02-28,D-18,https://www.work24.go.kr/wk/static/images/logo/jobkorea.png,개발자
샘표식품㈜,2025 샘표식품 각 부문 수시채용,회사내규에 따름,신입/경력,학력무관,주5일,서울 중구  등,등록일 : 2025-02-28,,채용시까지,https://www.work24.go.kr/wk/static/images/logo/jobkorea.png,기타
(주)라온인터렉티브,(주)라온인터렉티브와 함께 성장할 PHP/JAVA 개발자 모집,"연봉 3,500 만원 ~ 4,000 만원",경력4년,학력무관,주5일,경기도 부천시 원미구,2025-04-26,2025-02-27,채용시까지,https://www.work24.go.kr/wk/static/images/logo/work24.png,개발자
딥세일즈(주),[2025 대한민국 채용박람회 온라인 참여 기업] 프론트엔드 개발자...,"연봉 2,600 만원 ~ 4,000 만원",경력무관,대졸(4년),주5일,서울특별시 강남구 영동대로85길,2025-04-25,2025-02-27,채용시까지,https://www.work24.go.kr/wk/static/images/logo/work24.png,웹/앱 개발자
주식회사 씨엔컴즈,정보통신기술자 신/경력자 채용,"연봉 3,000 만원 ~ 6,000 만원",경력,학력무관,주5일,경기도 남양주시 다산순환로,2025-04-25,2025-02-27,채용시까지,https://www.work24.go.kr/wk/static/images/logo/work24.png,기타
주식회사하이데이타,"소프트웨어개발자(프로그래머) 모집(창원,구미,대전)","연봉 4,000 만원 이상",경력3년,"대졸(2~3년)
														 ~ 박사",주5일,경상남도 창원시 성산구,2025-04-26,2025-02-27,채용시까지,https://www.work24.go.kr/wk/static/images/logo/work24.png,개발자
㈜티피씨인터넷,[티피씨인터넷/LIKEY] 안드로이드 개발자 채용,회사내규에 따름,신입/경력,고졸,주5일,서울 강남구,등록일 : 2025-02-27,,채용시까지,https://www.work24.go.kr/wk/static/images/logo/jobkorea.png,개발자
㈜포이시스,[본사] Java / Python 활용 / 금융솔루션 개발자 채용 ...,회사내규에 따름,신입/경력,대졸(2~3년),주5일,서울 금천구,2025-04-28,2025-02-27,D-17,https://www.work24.go.kr/wk/static/images/logo/jobkorea.png,개발자
(주)티지에스컨설팅,소프트웨어 프로그램개발자(C#/MSSQL) ERP/MES 경력자우대,"연봉 2,520 만원 ~ 6,000 만원",경력2년,"대졸(2~3년)
														 ~ 대졸(4년)",주5일,부산광역시 해운대구 해운대해변로,2025-04-25,2025-02-26,채용시까지,https://www.work24.go.kr/wk/static/images/logo/work24.png,개발자
오직주식회사,[2025 대한민국 온라인 채용박람회 참여기업] 웹서비스 개발자(7...,"연봉 5,000 만원 이상",경력7년,"대졸(2~3년)
														 ~ 대졸(4년)",주5일,서울특별시 금천구 가산디지털2로,2025-04-25,2025-02-26,채용시까지,https://www.work24.go.kr/wk/static/images/logo/work24.png,개발자
하드콘 주식회사,장비제어 / 자동제어 / 머신비전 / 딥러닝비전 / 영상처리 / C...,"연봉 2,800 만원 ~ 4,000 만원",경력무관,학력무관,주5일,서울특별시 금천구 가산디지털1로,2025-04-24,2025-02-26,채용시까지,https://www.work24.go.kr/wk/static/images/logo/work24.png,기타
주식회사티지에스,IT프로그래머 모집,"연봉 2,520 만원 ~ 6,000 만원",경력2년,"대졸(2~3년)
														 ~ 석사",주5일,부산광역시 해운대구 해운대해변로,2025-04-25,2025-02-26,채용시까지,https://www.work24.go.kr/wk/static/images/logo/work24.png,기타
유한회사 이티컴파니,앱 개발 소프트웨어 개발자 신규 채용 - 혁신적인 서비스를 함께 만...,월급 210 만원 ~ 220 만원,경력무관,학력무관,주5일,전북특별자치도 익산시 서동로,2025-04-25,2025-02-26,채용시까지,https://www.work24.go.kr/wk/static/images/logo/work24.png,개발자
주식회사브로넥스,JAVA Spring Framework 개발자 채용공고 (신입 / ...,"연봉 3,200 만원 이상",경력무관,학력무관,주5일,경기도 수원시 영통구,2025-04-24,2025-02-26,채용시까지,https://www.work24.go.kr/wk/static/images/logo/work24.png,개발자
세인텍,응용 소프트웨어 개발자 모집(신입),"연봉 3,000 만원 ~ 3,400 만원",신입,학력무관,주5일,경상북도 포항시 남구,2025-04-25,2025-02-26,채용시까지,https://www.work24.go.kr/wk/static/images/logo/work24.png,개발자
(주)이지메디컴,[이지메디컴] IT연구소 물류시스템 개발자 채용,회사내규에 따름,경력3년,대졸(2~3년),주5일,서울 강남구,등록일 : 2025-02-26,,채용시까지,https://www.work24.go.kr/wk/static/images/logo/incruit.png,개발자
㈜코리아인,[여의도/경력자] 나이스평가정보 CB웹서비스 개발자 모집,"연봉 4,000 만원 ~ 4,300 만원",경력2년,고졸,주5일,서울 영등포구,2025-04-17,2025-02-26,D-6,https://www.work24.go.kr/wk/static/images/logo/jobkorea.png,개발자
(주) 안다미컴퍼니,"java, vue.js 개발자 경력직 모집","연봉 4,000 만원 ~ 6,000 만원",경력5년,학력무관,주5일,서울특별시 금천구 가산디지털2로,2025-04-24,2025-02-25,채용시까지,https://www.work24.go.kr/wk/static/images/logo/work24.png,개발자
주식회사 에프엘씨,"반도체 장비 개발자(기구설계, 프로그램, 제어설계자 모집)","연봉 5,500 만원 ~ 9,900 만원",경력무관,학력무관,주5일,충청남도 천안시 서북구,2025-04-24,2025-02-25,채용시까지,https://www.work24.go.kr/wk/static/images/logo/work24.png,개발자
스마터빌드 주식회사,자바개발 로우코드개발 경력 - 재택병행근무 (팔달새일센터 인턴참여기...,"연봉 2,800 만원 ~ 6,000 만원",경력5년,학력무관,주5일,경기도 수원시 영통구,2025-04-23,2025-02-25,D-12,https://www.work24.go.kr/wk/static/images/logo/work24.png,기타
주식회사엠아이솔루션,프론트 앱 개발자 및 시스템 개발자,"연봉 2,600 만원 ~ 3,600 만원",경력무관,학력무관,주5일,대전광역시 유성구 테크노1로,2025-04-23,2025-02-25,채용시까지,https://www.work24.go.kr/wk/static/images/logo/work24.png,웹/앱 개발자
㈜비티엔,(주)비티엔 웹/앱 프로그래머 경력개발자 모집,회사내규에 따름,경력3년,대졸(2~3년),주5일,경기 파주시,2025-04-11,2025-02-25,오늘마감,https://www.work24.go.kr/wk/static/images/logo/jobkorea.png,개발자
주식회사 온투인,[전산개발] 정규직 채용,회사내규에 따름,경력6년,대졸(4년),주5일,서울 송파구,2025-04-26,2025-02-25,D-15,https://www.work24.go.kr/wk/static/images/logo/jobkorea.png,시스템 운영
(주)오웬스그룹,[일자리매칭플랫폼] 2025년도 주식회사 오웬스그룹 인사근태시스템 ...,회사내규에 따름,신입/경력3년,학력무관,,서울 성동구,2025-04-24,2025-02-25,D-13,https://www.work24.go.kr/wk/static/images/logo/kosme.png,기타
모나용평 주식회사,2025년 모나용평 전산개발 신입/경력사원 채용,"연봉 3,000 만원 이상",경력무관,학력무관,주5일,강원특별자치도 평창군 대관령면,2025-04-23,2025-02-24,채용시까지,https://www.work24.go.kr/wk/static/images/logo/work24.png,시스템 운영
주식회사 케어원,[일자리매칭플랫폼] IT 전산팀 프론트엔드 개발자 모집 (경력 채용...,회사내규에 따름,경력3년,학력무관,,서울,2025-04-23,2025-02-24,D-12,https://www.work24.go.kr/wk/static/images/logo/kosme.png,웹/앱 개발자
㈜로보티즈,[자율주행로봇 배달어플] 로봇관제 시스템 WEB 백엔드 개발자,회사내규에 따름,경력,대졸(4년),주5일,서울 강서구,2025-04-25,2025-02-24,D-14,https://www.work24.go.kr/wk/static/images/logo/jobkorea.png,웹/앱 개발자
주식회사이비즈앤컴,응용소프트웨어&웹 개발자(응용프로그래머) 구인,"연봉 2,520 만원 ~ 2,550 만원",경력1년,학력무관,주5일,서울특별시 금천구 벚꽃로,2025-04-20,2025-02-21,채용시까지,https://www.work24.go.kr/wk/static/images/logo/work24.png,개발자
(수)복지용구의료기,S/W  풀스텍 AI 개발자 1명  순천(한방에 솔루션),월급 240 만원 ~ 450 만원,경력무관,학력무관,주5일,전라남도 순천시 해룡면,2025-04-20,2025-02-21,채용시까지,https://www.work24.go.kr/wk/static/images/logo/work24.png,AI개발자
주식회사아이콘스,"응용 프로그래머 모십니다.(C#, 딥런닝 )",월급 250 만원 이상,경력2년,"대졸(2~3년)
														 ~ 석사",주5일,대전광역시 대덕구 대화로106번길,2025-04-19,2025-02-20,채용시까지,https://www.work24.go.kr/wk/static/images/logo/work24.png,기타
주식회사 엠쏜,IT 소프트웨어,"연봉 3,000 만원 이상",경력무관,학력무관,주5일,경상북도 경산시 삼풍로,2025-04-19,2025-02-20,채용시까지,https://www.work24.go.kr/wk/static/images/logo/work24.png,기타
웹클릭,신입 코더(웹 퍼블리셔) 모집,월급 210 만원 이상,신입,학력무관,주5일,인천광역시 동구 화수로,2025-04-18,2025-02-19,채용시까지,https://www.work24.go.kr/wk/static/images/logo/work24.png,기타
가후이엔씨주식회사,스마트팩토리 구현을 함께할 인재를 모십니다.,"연봉 3,200 만원 ~ 4,000 만원",신입,"대졸(4년)
														 ~ 석사",주5일,경기도 성남시 중원구,2025-04-17,2025-02-19,D-6,https://www.work24.go.kr/wk/static/images/logo/work24.png,기타
메가존클라우드㈜,"ServiceNow 사업부문 채용(Cloud, Consultant)",회사내규에 따름,신입/경력,학력무관,주5일,경기 과천시,등록일 : 2025-02-19,,채용시까지,https://www.work24.go.kr/wk/static/images/logo/jobkorea.png,기타
아프로코리아,고주파병원의료기기 GUI S/W 경력직을 모집합니다.,회사내규에 따름,경력5년,대졸(2~3년),주5일,경기 군포시,2025-04-20,2025-02-19,D-9,https://www.work24.go.kr/wk/static/images/logo/jobkorea.png,기타
펜타시큐리티(주),보안 네트워크 개발자 채용,회사내규에 따름,경력7년,학력무관,주5일,서울 영등포구,등록일 : 2025-02-19,,채용시까지,https://www.work24.go.kr/wk/static/images/logo/incruit.png,개발자
(주)성화정보기술,응용소프트웨어 개발자 모집 ( Delphi 개발자 우대 ),"연봉 3,000 만원 ~ 6,000 만원",경력3년,"대졸(2~3년)
														 ~ 대졸(4년)",주5일,부산광역시 연제구 중앙대로1226번길,2025-04-17,2025-02-18,채용시까지,https://www.work24.go.kr/wk/static/images/logo/work24.png,개발자
양산정보통신(주),SK브로드밴드 협력업체 양산정보통신(주)에서 통신공사 설계 업무를 ...,월급 209 만원 이상,경력무관,학력무관,주5일,경상남도 양산시 물금읍,2025-04-17,2025-02-18,채용시까지,https://www.work24.go.kr/wk/static/images/logo/work24.png,기타
퍼솔켈리코리아 유한회사,[여의도/중국계IT기업] Field Engineer (경력 및 언어...,회사내규에 따름,경력무관,대졸(4년),주5일,서울 영등포구  등,등록일 : 2025-02-18,,채용시까지,https://www.work24.go.kr/wk/static/images/logo/jobkorea.png,기타
(주)두비스,2025년 (주)두비스 신입직원 채용 공고,월급 265 만원 이상,신입,대졸(4년),주5일,서울특별시 마포구 월드컵로8길,2025-04-15,2025-02-18,D-4,https://www.work24.go.kr/wk/static/images/logo/work24.png,기타
드림테크,응용소프트웨어개발자 모집,월급 300 만원 ~ 350 만원,경력3년,학력무관,주5일,서울특별시 성동구 한림말5길,2025-04-14,2025-02-18,채용시까지,https://www.work24.go.kr/wk/static/images/logo/work24.png,개발자
(주)주니파워네트웍스,공정관리 신입사원 채용,"연봉 2,800 만원 ~ 3,000 만원",신입,학력무관,주5일,서울특별시 서초구 남부순환로339길,2025-04-16,2025-02-18,채용시까지,https://www.work24.go.kr/wk/static/images/logo/work24.png,기타
세인텍,응용 소프트웨어 개발자 모집(경력직),"연봉 3,500 만원 이상",경력3년,학력무관,주5일,경상북도 포항시 남구,2025-04-17,2025-02-18,채용시까지,https://www.work24.go.kr/wk/static/images/logo/work24.png,개발자
주식회사 인포비정보기술,[대전일자리지원센터] ㈜인포비정보기술_소프트웨어 개발자 모집(JAV...,"연봉 2,582 만원 ~ 2,582 만원",경력무관,학력무관,주5일,대전광역시 서구 문예로,2025-04-16,2025-02-17,채용시까지,https://www.work24.go.kr/wk/static/images/logo/work24.png,개발자
유티즌,웹사이트 제작,월급 200 만원 ~ 230 만원,신입,학력무관,주5일,광주광역시 서구 회재로,2025-04-16,2025-02-17,채용시까지,https://www.work24.go.kr/wk/static/images/logo/work24.png,기타
네이처원(Natureone),AI 모델 개발자 모집!,"연봉 3,200 만원 ~ 5,000 만원",경력무관,"대졸(2~3년)
														 ~ 박사",주5일,충청북도 청주시 청원구,2025-04-13,2025-02-17,채용시까지,https://www.work24.go.kr/wk/static/images/logo/work24.png,개발자
아이엔에스(INS),웹개발자 구인,월급 233 만원 ~ 250 만원,경력무관,학력무관,주5일,인천광역시 미추홀구 인주대로,2025-04-15,2025-02-17,채용시까지,https://www.work24.go.kr/wk/static/images/logo/work24.png,웹/앱 개발자
중고나라,[중고나라] 각 부문 채용 공고,회사내규에 따름,신입/경력,학력무관,,서울 강남구  등,2025-04-18,2025-02-17,D-7,https://www.work24.go.kr/wk/static/images/logo/jobkorea.png,기타
주식회사앤토스,시스템 개발 인재 채용 공고(소프트웨어 개발),"연봉 2,515 만원 이상",경력무관,학력무관,주5일,경기도 군포시 고산로148번길,2025-04-12,2025-02-14,채용시까지,https://www.work24.go.kr/wk/static/images/logo/work24.png,기타
